row_number,source_index,image_path,mask_path,dice,iou,sensitivity,specificity,precision,accuracy,relative_area_diff
0,19,/mnt/data/spathak/CLaM-Annot/1.2.826.0.1.3680043.2.526.11.40.1634117440001859.615826.88445076/R CC_1.2.826.0.1.3680043.2.526.11.40.1634117440001859.615827.53007324/1.2.826.0.1.3680043.2.526.11.40.1634117440001859.615823.93395854_processed.png,/mnt/data/spathak/CLaM-Annot/1.2.826.0.1.3680043.2.526.11.40.1634117440001859.615826.88445076/R CC_1.2.826.0.1.3680043.2.526.11.40.1634117440001859.615827.53007324/1.2.826.0.1.3680043.2.526.11.40.1634117440001859.615823.93395854_binarymask_R2.png,0.5677777777777778,0.3964313421256788,0.5607681755829904,0.994154716265827,0.5749648382559776,0.988128662109375,0.024691358024691357
1,21,/mnt/data/spathak/CLaM-Annot/1.2.826.0.1.3680043.2.526.11.40.1634117440001859.615826.88445076/R MLO_1.2.826.0.1.3680043.2.526.11.40.1634117440001859.615836.76614313/1.2.826.0.1.3680043.2.526.11.40.1634117440001859.615834.58550800_processed.png,/mnt/data/spathak/CLaM-Annot/1.2.826.0.1.3680043.2.526.11.40.1634117440001859.615826.88445076/R MLO_1.2.826.0.1.3680043.2.526.11.40.1634117440001859.615836.76614313/1.2.826.0.1.3680043.2.526.11.40.1634117440001859.615834.58550800_binarymask_R2.png,0.0,0.0,0.0,0.9909301147674222,0.0,0.9627494812011719,0.6901408450704225
2,83,/mnt/data/spathak/CLaM-Annot/1.2.826.0.1.3680043.2.526.11.40.1608721769240233.22916481.417800/L CC_1.2.826.0.1.3680043.2.526.11.40.1608721769240233.22916482.716546/1.2.826.0.1.3680043.2.526.11.40.1608721769240233.22916479.642350_processed.png,/mnt/data/spathak/CLaM-Annot/1.2.826.0.1.3680043.2.526.11.40.1608721769240233.22916481.417800/L CC_1.2.826.0.1.3680043.2.526.11.40.1608721769240233.22916482.716546/1.2.826.0.1.3680043.2.526.11.40.1608721769240233.22916479.642350_binarymask_R1.png,0.8715515726585837,0.7723450638430396,0.8072916666666666,0.9994634696146245,0.94692630775105,0.9972114562988281,0.1474609375
3,84,/mnt/data/spathak/CLaM-Annot/1.2.826.0.1.3680043.2.526.11.40.1608721769240233.22916481.417800/L MLO_1.2.826.0.1.3680043.2.526.11.40.1608721769240233.22945640.801699/1.2.826.0.1.3680043.2.526.11.40.1608721769240233.22945638.342630_processed.png,/mnt/data/spathak/CLaM-Annot/1.2.826.0.1.3680043.2.526.11.40.1608721769240233.22916481.417800/L MLO_1.2.826.0.1.3680043.2.526.11.40.1608721769240233.22945640.801699/1.2.826.0.1.3680043.2.526.11.40.1608721769240233.22945638.342630_binarymask_R1.png,0.881578947368421,0.788235294117647,0.9892106757524134,0.998275617071775,0.7950707439525331,0.9982147216796875,0.2441794434980125
4,85,/mnt/data/spathak/CLaM-Annot/1.2.826.0.1.3680043.2.526.11.40.1608721769240233.22916481.417800/R CC_1.2.826.0.1.3680043.2.526.11.40.1608721769240233.22959104.540731/1.2.826.0.1.3680043.2.526.11.40.1608721769240233.22959102.840896_processed.png,/mnt/data/spathak/CLaM-Annot/1.2.826.0.1.3680043.2.526.11.40.1608721769240233.22916481.417800/R CC_1.2.826.0.1.3680043.2.526.11.40.1608721769240233.22959104.540731/1.2.826.0.1.3680043.2.526.11.40.1608721769240233.22959102.840896_binarymask_R1.png,0.4124711823471292,0.25981965036512505,0.25981965036512505,1.0,1.0,0.8979225158691406,0.740180349634875
5,86,/mnt/data/spathak/CLaM-Annot/1.2.826.0.1.3680043.2.526.11.40.1608721769240233.22916481.417800/R MLO_1.2.826.0.1.3680043.2.526.11.40.1608721769240233.23282294.983821/1.2.826.0.1.3680043.2.526.11.40.1608721769240233.23282292.933990_processed.png,/mnt/data/spathak/CLaM-Annot/1.2.826.0.1.3680043.2.526.11.40.1608721769240233.22916481.417800/R MLO_1.2.826.0.1.3680043.2.526.11.40.1608721769240233.23282294.983821/1.2.826.0.1.3680043.2.526.11.40.1608721769240233.23282292.933990_binarymask_R1.png,0.5269980924202904,0.35777149351164206,0.35777149351164206,1.0,1.0,0.9073028564453125,0.6422285064883579
6,91,/mnt/data/spathak/CLaM-Annot/1.2.826.0.1.3680043.2.526.11.40.1608721769240233.2934569.4149833/L CC_1.2.826.0.1.3680043.2.526.11.40.1608721769240233.3286038.1599745/1.2.826.0.1.3680043.2.526.11.40.1608721769240233.3286035.3072175_processed.png,/mnt/data/spathak/CLaM-Annot/1.2.826.0.1.3680043.2.526.11.40.1608721769240233.2934569.4149833/L CC_1.2.826.0.1.3680043.2.526.11.40.1608721769240233.3286038.1599745/1.2.826.0.1.3680043.2.526.11.40.1608721769240233.3286035.3072175_binarymask_R1.png,0.7757296466973886,0.6336260978670013,0.6336260978670013,1.0,1.0,0.9944305419921875,0.36637390213299875
7,93,/mnt/data/spathak/CLaM-Annot/1.2.826.0.1.3680043.2.526.11.40.1608721769240233.2934569.4149833/L MLO_1.2.826.0.1.3680043.2.526.11.40.1608721769240233.3321747.2802020/1.2.826.0.1.3680043.2.526.11.40.1608721769240233.3321745.4355059_processed.png,/mnt/data/spathak/CLaM-Annot/1.2.826.0.1.3680043.2.526.11.40.1608721769240233.2934569.4149833/L MLO_1.2.826.0.1.3680043.2.526.11.40.1608721769240233.3321747.2802020/1.2.826.0.1.3680043.2.526.11.40.1608721769240233.3321745.4355059_binarymask_R1.png,0.7003610108303249,0.5388888888888889,0.5388888888888889,1.0,1.0,0.9917678833007812,0.46111111111111114
8,95,/mnt/data/spathak/CLaM-Annot/1.2.826.0.1.3680043.2.526.11.40.1608721769240233.2934569.4149833/R CC_1.2.826.0.1.3680043.2.526.11.40.1608721769240233.3027485.1472241/1.2.826.0.1.3680043.2.526.11.40.1608721769240233.3027483.6090105_processed.png,/mnt/data/spathak/CLaM-Annot/1.2.826.0.1.3680043.2.526.11.40.1608721769240233.2934569.4149833/R CC_1.2.826.0.1.3680043.2.526.11.40.1608721769240233.3027485.1472241/1.2.826.0.1.3680043.2.526.11.40.1608721769240233.3027483.6090105_binarymask_R1.png,0.7790132036136206,0.6380193511667616,0.6538349372995043,0.9989875206962682,0.9634722819080361,0.985443115234375,0.3213764946048411
9,96,/mnt/data/spathak/CLaM-Annot/1.2.826.0.1.3680043.2.526.11.40.1608721769240233.2934569.4149833/R MLO_1.2.826.0.1.3680043.2.526.11.40.1608721769240233.2934570.3463770/1.2.826.0.1.3680043.2.526.11.40.1608721769240233.2934567.4323677_processed.png,/mnt/data/spathak/CLaM-Annot/1.2.826.0.1.3680043.2.526.11.40.1608721769240233.2934569.4149833/R MLO_1.2.826.0.1.3680043.2.526.11.40.1608721769240233.2934570.3463770/1.2.826.0.1.3680043.2.526.11.40.1608721769240233.2934567.4323677_binarymask_R1.png,0.6312494410160093,0.46118661787767906,0.4858204845814978,0.9984777150031388,0.9009446004595354,0.9842720031738281,0.46076541850220265
10,131,/mnt/data/spathak/CLaM-Annot/1.2.826.0.1.3680043.2.526.11.40.16082154785849364.3781623.451543/R CC_1.2.826.0.1.3680043.2.526.11.40.16082154785849364.3896294.812577/1.2.826.0.1.3680043.2.526.11.40.16082154785849364.3896292.580216_processed.png,/mnt/data/spathak/CLaM-Annot/1.2.826.0.1.3680043.2.526.11.40.16082154785849364.3781623.451543/R CC_1.2.826.0.1.3680043.2.526.11.40.16082154785849364.3896294.812577/1.2.826.0.1.3680043.2.526.11.40.16082154785849364.3896292.580216_binarymask_R1.png,0.8384030418250951,0.7217675941080196,0.784,0.9992535418285916,0.9009193054136875,0.997406005859375,0.12977777777777777
11,133,/mnt/data/spathak/CLaM-Annot/1.2.826.0.1.3680043.2.526.11.40.16082154785849364.3781623.451543/R MLO_1.2.826.0.1.3680043.2.526.11.40.16082154785849364.3827716.705508/1.2.826.0.1.3680043.2.526.11.40.16082154785849364.3827714.875788_processed.png,/mnt/data/spathak/CLaM-Annot/1.2.826.0.1.3680043.2.526.11.40.16082154785849364.3781623.451543/R MLO_1.2.826.0.1.3680043.2.526.11.40.16082154785849364.3827716.705508/1.2.826.0.1.3680043.2.526.11.40.16082154785849364.3827714.875788_binarymask_R1.png,0.7967055593685656,0.6621035820214465,0.6627083809088833,0.9999844819894089,0.9986235375086029,0.9943504333496094,0.3363781685316282
12,160,/mnt/data/spathak/CLaM-Annot/1.2.826.0.1.3680043.2.526.11.40.1608721769240233.4705211.3364170/L CC_1.2.826.0.1.3680043.2.526.11.40.1608721769240233.4978500.1183869/1.2.826.0.1.3680043.2.526.11.40.1608721769240233.4978497.9181820_processed.png,/mnt/data/spathak/CLaM-Annot/1.2.826.0.1.3680043.2.526.11.40.1608721769240233.4705211.3364170/L CC_1.2.826.0.1.3680043.2.526.11.40.1608721769240233.4978500.1183869/1.2.826.0.1.3680043.2.526.11.40.1608721769240233.4978497.9181820_binarymask_R1.png,0.13861386138613863,0.07446808510638298,0.07446808510638298,1.0,1.0,0.9993362426757812,0.925531914893617
13,161,/mnt/data/spathak/CLaM-Annot/1.2.826.0.1.3680043.2.526.11.40.1608721769240233.4705211.3364170/L MLO_1.2.826.0.1.3680043.2.526.11.40.1608721769240233.5046704.9856199/1.2.826.0.1.3680043.2.526.11.40.1608721769240233.5046702.8391906_processed.png,/mnt/data/spathak/CLaM-Annot/1.2.826.0.1.3680043.2.526.11.40.1608721769240233.4705211.3364170/L MLO_1.2.826.0.1.3680043.2.526.11.40.1608721769240233.5046704.9856199/1.2.826.0.1.3680043.2.526.11.40.1608721769240233.5046702.8391906_binarymask_R1.png,0.0,0.0,0.0,1.0,1.0,0.9979629516601562,1.0
14,162,/mnt/data/spathak/CLaM-Annot/1.2.826.0.1.3680043.2.526.11.40.1608721769240233.4705211.3364170/R CC_1.2.826.0.1.3680043.2.526.11.40.1608721769240233.5043247.2136570/1.2.826.0.1.3680043.2.526.11.40.1608721769240233.5043244.1116191_processed.png,/mnt/data/spathak/CLaM-Annot/1.2.826.0.1.3680043.2.526.11.40.1608721769240233.4705211.3364170/R CC_1.2.826.0.1.3680043.2.526.11.40.1608721769240233.5043247.2136570/1.2.826.0.1.3680043.2.526.11.40.1608721769240233.5043244.1116191_binarymask_R1.png,0.3098134630981346,0.1833013435700576,0.1833013435700576,1.0,1.0,0.9967536926269531,0.8166986564299424
15,163,/mnt/data/spathak/CLaM-Annot/1.2.826.0.1.3680043.2.526.11.40.1608721769240233.4705211.3364170/R MLO_1.2.826.0.1.3680043.2.526.11.40.1608721769240233.4979413.3694417/1.2.826.0.1.3680043.2.526.11.40.1608721769240233.4979411.7094424_processed.png,/mnt/data/spathak/CLaM-Annot/1.2.826.0.1.3680043.2.526.11.40.1608721769240233.4705211.3364170/R MLO_1.2.826.0.1.3680043.2.526.11.40.1608721769240233.4979413.3694417/1.2.826.0.1.3680043.2.526.11.40.1608721769240233.4979411.7094424_binarymask_R1.png,0.48525214081826834,0.3203517587939699,0.3203517587939699,1.0,1.0,0.9979362487792969,0.6796482412060302
16,173,/mnt/data/spathak/CLaM-Annot/1.2.826.0.1.3680043.2.526.11.40.16082154785849364.10979026.62639/L CC_1.2.826.0.1.3680043.2.526.11.40.16082154785849364.11163248.31868/1.2.826.0.1.3680043.2.526.11.40.16082154785849364.11163246.58437_processed.png,/mnt/data/spathak/CLaM-Annot/1.2.826.0.1.3680043.2.526.11.40.16082154785849364.10979026.62639/L CC_1.2.826.0.1.3680043.2.526.11.40.16082154785849364.11163248.31868/1.2.826.0.1.3680043.2.526.11.40.16082154785849364.11163246.58437_binarymask_R1.png,0.3496932515337423,0.21189591078066913,0.21755725190839695,0.9999732704042279,0.890625,0.9991912841796875,0.7557251908396947
17,174,/mnt/data/spathak/CLaM-Annot/1.2.826.0.1.3680043.2.526.11.40.16082154785849364.10979026.62639/L MLO_1.2.826.0.1.3680043.2.526.11.40.16082154785849364.10979027.38723/1.2.826.0.1.3680043.2.526.11.40.16082154785849364.10979024.78490_processed.png,/mnt/data/spathak/CLaM-Annot/1.2.826.0.1.3680043.2.526.11.40.16082154785849364.10979026.62639/L MLO_1.2.826.0.1.3680043.2.526.11.40.16082154785849364.10979027.38723/1.2.826.0.1.3680043.2.526.11.40.16082154785849364.10979024.78490_binarymask_R1.png,0.2337992376111817,0.13237410071942446,0.8177777777777778,0.9955520599880116,0.1363973313565604,0.9953994750976562,4.995555555555556
18,177,/mnt/data/spathak/CLaM-Annot/1.2.826.0.1.3680043.2.526.11.40.16082154785849364.10189674.29003/L CC_1.2.826.0.1.3680043.2.526.11.40.16082154785849364.10346214.36310/1.2.826.0.1.3680043.2.526.11.40.16082154785849364.10346211.41345_processed.png,/mnt/data/spathak/CLaM-Annot/1.2.826.0.1.3680043.2.526.11.40.16082154785849364.10189674.29003/L CC_1.2.826.0.1.3680043.2.526.11.40.16082154785849364.10346214.36310/1.2.826.0.1.3680043.2.526.11.40.16082154785849364.10346211.41345_binarymask_R1.png,0.8356909684439608,0.7177570093457943,0.8902627511591963,0.9988077439141269,0.7874231032125769,0.9982719421386719,0.13060278207109738
19,178,/mnt/data/spathak/CLaM-Annot/1.2.826.0.1.3680043.2.526.11.40.16082154785849364.10189674.29003/L MLO_1.2.826.0.1.3680043.2.526.11.40.16082154785849364.10436749.89675/1.2.826.0.1.3680043.2.526.11.40.16082154785849364.10436747.86776_processed.png,/mnt/data/spathak/CLaM-Annot/1.2.826.0.1.3680043.2.526.11.40.16082154785849364.10189674.29003/L MLO_1.2.826.0.1.3680043.2.526.11.40.16082154785849364.10436749.89675/1.2.826.0.1.3680043.2.526.11.40.16082154785849364.10436747.86776_binarymask_R1.png,0.0,0.0,0.0,1.0,1.0,0.9942169189453125,1.0
20,190,/mnt/data/spathak/CLaM-Annot/1.2.826.0.1.3680043.2.526.11.40.1608721769240233.15843244.699406/L CC_1.2.826.0.1.3680043.2.526.11.40.1608721769240233.16022518.893952/1.2.826.0.1.3680043.2.526.11.40.1608721769240233.16022516.688195_processed.png,/mnt/data/spathak/CLaM-Annot/1.2.826.0.1.3680043.2.526.11.40.1608721769240233.15843244.699406/L CC_1.2.826.0.1.3680043.2.526.11.40.1608721769240233.16022518.893952/1.2.826.0.1.3680043.2.526.11.40.1608721769240233.16022516.688195_binarymask_R1.png,0.8869470234844348,0.7968596663395485,0.8787878787878788,0.9996363218742822,0.8952590959206174,0.9992103576660156,0.0183982683982684
21,191,/mnt/data/spathak/CLaM-Annot/1.2.826.0.1.3680043.2.526.11.40.1608721769240233.15843244.699406/L MLO_1.2.826.0.1.3680043.2.526.11.40.1608721769240233.15861860.870560/1.2.826.0.1.3680043.2.526.11.40.1608721769240233.15861858.185891_processed.png,/mnt/data/spathak/CLaM-Annot/1.2.826.0.1.3680043.2.526.11.40.1608721769240233.15843244.699406/L MLO_1.2.826.0.1.3680043.2.526.11.40.1608721769240233.15861860.870560/1.2.826.0.1.3680043.2.526.11.40.1608721769240233.15861858.185891_binarymask_R1.png,0.0,0.0,0.0,1.0,1.0,0.9971656799316406,1.0
22,192,/mnt/data/spathak/CLaM-Annot/1.2.826.0.1.3680043.2.526.11.40.1608721769240233.15843244.699406/R CC_1.2.826.0.1.3680043.2.526.11.40.1608721769240233.16214701.271206/1.2.826.0.1.3680043.2.526.11.40.1608721769240233.16214699.702630_processed.png,/mnt/data/spathak/CLaM-Annot/1.2.826.0.1.3680043.2.526.11.40.1608721769240233.15843244.699406/R CC_1.2.826.0.1.3680043.2.526.11.40.1608721769240233.16214701.271206/1.2.826.0.1.3680043.2.526.11.40.1608721769240233.16214699.702630_binarymask_R2.png,0.35454545454545455,0.2154696132596685,1.0,0.997289548728951,0.2154696132596685,0.9972915649414062,3.641025641025641
23,198,/mnt/data/spathak/CLaM-Annot/1.2.826.0.1.3680043.2.526.11.40.1608721769240233.10673782.863480/L CC_1.2.826.0.1.3680043.2.526.11.40.1608721769240233.10950774.458346/1.2.826.0.1.3680043.2.526.11.40.1608721769240233.10950772.653012_processed.png,/mnt/data/spathak/CLaM-Annot/1.2.826.0.1.3680043.2.526.11.40.1608721769240233.10673782.863480/L CC_1.2.826.0.1.3680043.2.526.11.40.1608721769240233.10950774.458346/1.2.826.0.1.3680043.2.526.11.40.1608721769240233.10950772.653012_binarymask_R1.png,0.7611836298601756,0.6144442777861107,0.6144903622590565,0.9999959808850895,0.9998779594825482,0.9803886413574219,0.38543463586589666
24,199,/mnt/data/spathak/CLaM-Annot/1.2.826.0.1.3680043.2.526.11.40.1608721769240233.10673782.863480/L MLO_1.2.826.0.1.3680043.2.526.11.40.1608721769240233.10673783.506075/1.2.826.0.1.3680043.2.526.11.40.1608721769240233.10673780.434632_processed.png,/mnt/data/spathak/CLaM-Annot/1.2.826.0.1.3680043.2.526.11.40.1608721769240233.10673782.863480/L MLO_1.2.826.0.1.3680043.2.526.11.40.1608721769240233.10673783.506075/1.2.826.0.1.3680043.2.526.11.40.1608721769240233.10673780.434632_binarymask_R1.png,0.5341313657706,0.3643787398803238,0.5296224291415124,0.9824385527655713,0.5387177352206495,0.9655570983886719,0.016883249769773866
25,200,/mnt/data/spathak/CLaM-Annot/1.2.826.0.1.3680043.2.526.11.40.1608721769240233.10673782.863480/L MLO_1.2.826.0.1.3680043.2.526.11.40.1608721769240233.10673783.506075/1.2.826.0.1.3680043.2.526.11.40.1608721769240233.10673780.434632_processed.png,/mnt/data/spathak/CLaM-Annot/1.2.826.0.1.3680043.2.526.11.40.1608721769240233.10673782.863480/L MLO_1.2.826.0.1.3680043.2.526.11.40.1608721769240233.10673783.506075/1.2.826.0.1.3680043.2.526.11.40.1608721769240233.10673780.434632_binarymask_R2.png,0.5445386411107016,0.3741347290224548,0.6644677661169416,0.9797396212530434,0.4612822647793505,0.9717178344726562,0.44047976011994006
26,231,/mnt/data/spathak/CLaM-Annot/1.2.826.0.1.3680043.2.526.11.40.1608721769240233.7741829.5041913/R CC_1.2.826.0.1.3680043.2.526.11.40.1608721769240233.7741830.1581482/1.2.826.0.1.3680043.2.526.11.40.1608721769240233.7741827.5907583_processed.png,/mnt/data/spathak/CLaM-Annot/1.2.826.0.1.3680043.2.526.11.40.1608721769240233.7741829.5041913/R CC_1.2.826.0.1.3680043.2.526.11.40.1608721769240233.7741830.1581482/1.2.826.0.1.3680043.2.526.11.40.1608721769240233.7741827.5907583_binarymask_R1.png,0.576379974326059,0.4048692515779982,0.4089253187613843,0.9999578618327805,0.9760869565217392,0.9974822998046875,0.581056466302368
27,232,/mnt/data/spathak/CLaM-Annot/1.2.826.0.1.3680043.2.526.11.40.1608721769240233.7741829.5041913/R LM_1.2.826.0.1.3680043.2.526.11.40.1608721769240233.7780690.2465861/1.2.826.0.1.3680043.2.526.11.40.1608721769240233.7780688.9080358_processed.png,/mnt/data/spathak/CLaM-Annot/1.2.826.0.1.3680043.2.526.11.40.1608721769240233.7741829.5041913/R LM_1.2.826.0.1.3680043.2.526.11.40.1608721769240233.7780690.2465861/1.2.826.0.1.3680043.2.526.11.40.1608721769240233.7780688.9080358_binarymask_R1.png,0.8324607329842932,0.7130044843049327,0.9499626587005228,0.9982937443683978,0.7408270238788585,0.998046875,0.28230022404779687
28,233,/mnt/data/spathak/CLaM-Annot/1.2.826.0.1.3680043.2.526.11.40.1608721769240233.7741829.5041913/R LM_1.2.826.0.1.3680043.2.526.11.40.1608721769240233.7780690.2465861/1.2.826.0.1.3680043.2.526.11.40.1608721769240233.7780688.9080358_processed.png,/mnt/data/spathak/CLaM-Annot/1.2.826.0.1.3680043.2.526.11.40.1608721769240233.7741829.5041913/R LM_1.2.826.0.1.3680043.2.526.11.40.1608721769240233.7780690.2465861/1.2.826.0.1.3680043.2.526.11.40.1608721769240233.7780688.9080358_binarymask_R2.png,0.0,0.0,0.0,0.993439829443207,0.0,0.9918746948242188,3.1573849878934626
29,234,/mnt/data/spathak/CLaM-Annot/1.2.826.0.1.3680043.2.526.11.40.1608721769240233.7741829.5041913/R MLO_1.2.826.0.1.3680043.2.526.11.40.1608721769240233.7796326.8652460/1.2.826.0.1.3680043.2.526.11.40.1608721769240233.7796324.4170087_processed.png,/mnt/data/spathak/CLaM-Annot/1.2.826.0.1.3680043.2.526.11.40.1608721769240233.7741829.5041913/R MLO_1.2.826.0.1.3680043.2.526.11.40.1608721769240233.7796326.8652460/1.2.826.0.1.3680043.2.526.11.40.1608721769240233.7796324.4170087_binarymask_R1.png,0.5766470971950424,0.40513290559120074,1.0,0.9950317691188854,0.40513290559120074,0.9950485229492188,1.4683257918552035
30,235,/mnt/data/spathak/CLaM-Annot/1.2.826.0.1.3680043.2.526.11.40.1608721769240233.7741829.5041913/R MLO_1.2.826.0.1.3680043.2.526.11.40.1608721769240233.7796326.8652460/1.2.826.0.1.3680043.2.526.11.40.1608721769240233.7796324.4170087_processed.png,/mnt/data/spathak/CLaM-Annot/1.2.826.0.1.3680043.2.526.11.40.1608721769240233.7741829.5041913/R MLO_1.2.826.0.1.3680043.2.526.11.40.1608721769240233.7796326.8652460/1.2.826.0.1.3680043.2.526.11.40.1608721769240233.7796324.4170087_binarymask_R2.png,0.0,0.0,0.0,0.9916653615942002,0.0,0.9903602600097656,5.3246376811594205
31,236,/mnt/data/spathak/CLaM-Annot/1.2.826.0.1.3680043.2.526.11.40.1608721769240233.10353328.107052/L CC_1.2.826.0.1.3680043.2.526.11.40.1608721769240233.11008744.616901/1.2.826.0.1.3680043.2.526.11.40.1608721769240233.11008742.204518_processed.png,/mnt/data/spathak/CLaM-Annot/1.2.826.0.1.3680043.2.526.11.40.1608721769240233.10353328.107052/L CC_1.2.826.0.1.3680043.2.526.11.40.1608721769240233.11008744.616901/1.2.826.0.1.3680043.2.526.11.40.1608721769240233.11008742.204518_binarymask_R1.png,0.853258321612752,0.7440719542109566,0.7526881720430108,0.9999463467913465,0.9848484848484849,0.9988059997558594,0.23573200992555832
32,237,/mnt/data/spathak/CLaM-Annot/1.2.826.0.1.3680043.2.526.11.40.1608721769240233.10353328.107052/L MLO_1.2.826.0.1.3680043.2.526.11.40.1608721769240233.10353329.698752/1.2.826.0.1.3680043.2.526.11.40.1608721769240233.10353325.650420_processed.png,/mnt/data/spathak/CLaM-Annot/1.2.826.0.1.3680043.2.526.11.40.1608721769240233.10353328.107052/L MLO_1.2.826.0.1.3680043.2.526.11.40.1608721769240233.10353329.698752/1.2.826.0.1.3680043.2.526.11.40.1608721769240233.10353325.650420_binarymask_R1.png,0.34197292069632496,0.20625291647223518,0.20625291647223518,1.0,1.0,0.9935111999511719,0.7937470835277648
33,238,/mnt/data/spathak/CLaM-Annot/1.2.826.0.1.3680043.2.526.11.40.1608721769240233.10353328.107052/L MLO_1.2.826.0.1.3680043.2.526.11.40.1608721769240233.10353329.698752/1.2.826.0.1.3680043.2.526.11.40.1608721769240233.10353325.650420_processed.png,/mnt/data/spathak/CLaM-Annot/1.2.826.0.1.3680043.2.526.11.40.1608721769240233.10353328.107052/L MLO_1.2.826.0.1.3680043.2.526.11.40.1608721769240233.10353329.698752/1.2.826.0.1.3680043.2.526.11.40.1608721769240233.10353325.650420_binarymask_R2.png,0.0,0.0,0.0,0.9983100164027819,0.0,0.9960136413574219,0.2669983416252073
34,241,/mnt/data/spathak/CLaM-Annot/1.2.826.0.1.3680043.2.526.11.40.1608721769240233.25046561.401430/L CC_1.2.826.0.1.3680043.2.526.11.40.1608721769240233.26327061.468451/1.2.826.0.1.3680043.2.526.11.40.1608721769240233.26327058.922597_processed.png,/mnt/data/spathak/CLaM-Annot/1.2.826.0.1.3680043.2.526.11.40.1608721769240233.25046561.401430/L CC_1.2.826.0.1.3680043.2.526.11.40.1608721769240233.26327061.468451/1.2.826.0.1.3680043.2.526.11.40.1608721769240233.26327058.922597_binarymask_R1.png,0.0,0.0,0.0,0.9991340498496082,0.0,0.9947166442871094,0.8050043140638481
35,243,/mnt/data/spathak/CLaM-Annot/1.2.826.0.1.3680043.2.526.11.40.1608721769240233.25046561.401430/L MLO_1.2.826.0.1.3680043.2.526.11.40.1608721769240233.27220492.256936/1.2.826.0.1.3680043.2.526.11.40.1608721769240233.27220488.679050_processed.png,/mnt/data/spathak/CLaM-Annot/1.2.826.0.1.3680043.2.526.11.40.1608721769240233.25046561.401430/L MLO_1.2.826.0.1.3680043.2.526.11.40.1608721769240233.27220492.256936/1.2.826.0.1.3680043.2.526.11.40.1608721769240233.27220488.679050_binarymask_R2.png,0.0,0.0,0.0,0.9990821442639753,0.0,0.9965476989746094,0.6390977443609023
36,258,/mnt/data/spathak/CLaM-Annot/1.2.826.0.1.3680043.2.526.11.40.1608721769240233.24960173.514467/L CC_1.2.826.0.1.3680043.2.526.11.40.1608721769240233.26317736.610035/1.2.826.0.1.3680043.2.526.11.40.1608721769240233.26317734.587303_processed.png,/mnt/data/spathak/CLaM-Annot/1.2.826.0.1.3680043.2.526.11.40.1608721769240233.24960173.514467/L CC_1.2.826.0.1.3680043.2.526.11.40.1608721769240233.26317736.610035/1.2.826.0.1.3680043.2.526.11.40.1608721769240233.26317734.587303_binarymask_R1.png,0.0,0.0,0.0,1.0,1.0,0.9819908142089844,1.0
37,259,/mnt/data/spathak/CLaM-Annot/1.2.826.0.1.3680043.2.526.11.40.1608721769240233.24960173.514467/L MLO_1.2.826.0.1.3680043.2.526.11.40.1608721769240233.26310825.756337/1.2.826.0.1.3680043.2.526.11.40.1608721769240233.26310823.631810_processed.png,/mnt/data/spathak/CLaM-Annot/1.2.826.0.1.3680043.2.526.11.40.1608721769240233.24960173.514467/L MLO_1.2.826.0.1.3680043.2.526.11.40.1608721769240233.26310825.756337/1.2.826.0.1.3680043.2.526.11.40.1608721769240233.26310823.631810_binarymask_R1.png,0.0,0.0,0.0,1.0,1.0,0.984619140625,1.0
38,282,/mnt/data/spathak/CLaM-Annot/1.2.826.0.1.3680043.2.526.11.40.16082154785849364.9168101.553679/R CC_1.2.826.0.1.3680043.2.526.11.40.16082154785849364.9247717.739855/1.2.826.0.1.3680043.2.526.11.40.16082154785849364.9247715.955158_processed.png,/mnt/data/spathak/CLaM-Annot/1.2.826.0.1.3680043.2.526.11.40.16082154785849364.9168101.553679/R CC_1.2.826.0.1.3680043.2.526.11.40.16082154785849364.9247717.739855/1.2.826.0.1.3680043.2.526.11.40.16082154785849364.9247715.955158_binarymask_R1.png,0.42872687704026113,0.27285318559556787,0.27285318559556787,1.0,1.0,0.9819755554199219,0.7271468144044322
39,283,/mnt/data/spathak/CLaM-Annot/1.2.826.0.1.3680043.2.526.11.40.16082154785849364.9168101.553679/R MLO_1.2.826.0.1.3680043.2.526.11.40.16082154785849364.9247819.360846/1.2.826.0.1.3680043.2.526.11.40.16082154785849364.9247817.582434_processed.png,/mnt/data/spathak/CLaM-Annot/1.2.826.0.1.3680043.2.526.11.40.16082154785849364.9168101.553679/R MLO_1.2.826.0.1.3680043.2.526.11.40.16082154785849364.9247819.360846/1.2.826.0.1.3680043.2.526.11.40.16082154785849364.9247817.582434_binarymask_R1.png,0.0,0.0,0.0,1.0,1.0,0.9727897644042969,1.0
40,286,/mnt/data/spathak/CLaM-Annot/1.2.826.0.1.3680043.2.526.11.40.16082154785849364.13101995.51073/R CC_1.2.826.0.1.3680043.2.526.11.40.16082154785849364.13101996.25183/1.2.826.0.1.3680043.2.526.11.40.16082154785849364.13101993.95469_processed.png,/mnt/data/spathak/CLaM-Annot/1.2.826.0.1.3680043.2.526.11.40.16082154785849364.13101995.51073/R CC_1.2.826.0.1.3680043.2.526.11.40.16082154785849364.13101996.25183/1.2.826.0.1.3680043.2.526.11.40.16082154785849364.13101993.95469_binarymask_R1.png,0.7992534891269069,0.6656304906068388,0.9200448346721465,0.992032431043144,0.7064983503084206,0.9905624389648438,0.30226041472071735
41,287,/mnt/data/spathak/CLaM-Annot/1.2.826.0.1.3680043.2.526.11.40.16082154785849364.13101995.51073/R MLO_1.2.826.0.1.3680043.2.526.11.40.16082154785849364.13178838.39384/1.2.826.0.1.3680043.2.526.11.40.16082154785849364.13178836.90648_processed.png,/mnt/data/spathak/CLaM-Annot/1.2.826.0.1.3680043.2.526.11.40.16082154785849364.13101995.51073/R MLO_1.2.826.0.1.3680043.2.526.11.40.16082154785849364.13178838.39384/1.2.826.0.1.3680043.2.526.11.40.16082154785849364.13178836.90648_binarymask_R1.png,0.7944956510450474,0.6590566444109413,0.9874152952565344,0.9940396456214171,0.6646394439617723,0.9939613342285156,0.4856405292029687
42,319,/mnt/data/spathak/CLaM-Annot/1.2.826.0.1.3680043.2.526.11.40.16082154785849364.2011519.817857/R CC_1.2.826.0.1.3680043.2.526.11.40.16082154785849364.2011523.861203/1.2.826.0.1.3680043.2.526.11.40.16082154785849364.2011518.573713_processed.png,/mnt/data/spathak/CLaM-Annot/1.2.826.0.1.3680043.2.526.11.40.16082154785849364.2011519.817857/R CC_1.2.826.0.1.3680043.2.526.11.40.16082154785849364.2011523.861203/1.2.826.0.1.3680043.2.526.11.40.16082154785849364.2011518.573713_binarymask_R1.png,0.0,0.0,0.0,0.9994172836029863,0.0,0.9748458862304688,0.9768813033359193
43,320,/mnt/data/spathak/CLaM-Annot/1.2.826.0.1.3680043.2.526.11.40.16082154785849364.2011519.817857/R MLO_1.2.826.0.1.3680043.2.526.11.40.16082154785849364.2020078.779202/1.2.826.0.1.3680043.2.526.11.40.16082154785849364.2020076.641856_processed.png,/mnt/data/spathak/CLaM-Annot/1.2.826.0.1.3680043.2.526.11.40.16082154785849364.2011519.817857/R MLO_1.2.826.0.1.3680043.2.526.11.40.16082154785849364.2020078.779202/1.2.826.0.1.3680043.2.526.11.40.16082154785849364.2020076.641856_binarymask_R1.png,0.0,0.0,0.0,1.0,1.0,0.9643363952636719,1.0
44,321,/mnt/data/spathak/CLaM-Annot/1.2.826.0.1.3680043.2.526.11.40.16082154785849364.2011519.817857/R XCCL_1.2.826.0.1.3680043.2.526.11.40.16082154785849364.2021592.165465/1.2.826.0.1.3680043.2.526.11.40.16082154785849364.2021590.421140_processed.png,/mnt/data/spathak/CLaM-Annot/1.2.826.0.1.3680043.2.526.11.40.16082154785849364.2011519.817857/R XCCL_1.2.826.0.1.3680043.2.526.11.40.16082154785849364.2021592.165465/1.2.826.0.1.3680043.2.526.11.40.16082154785849364.2021590.421140_binarymask_R1.png,0.0,0.0,0.0,1.0,1.0,0.9721145629882812,1.0
45,341,/mnt/data/spathak/CLaM-Annot/1.2.826.0.1.3680043.2.526.11.40.1608721769240233.4177579.7375907/L CC_1.2.826.0.1.3680043.2.526.11.40.1608721769240233.4433290.4472570/1.2.826.0.1.3680043.2.526.11.40.1608721769240233.4433288.9097470_processed.png,/mnt/data/spathak/CLaM-Annot/1.2.826.0.1.3680043.2.526.11.40.1608721769240233.4177579.7375907/L CC_1.2.826.0.1.3680043.2.526.11.40.1608721769240233.4433290.4472570/1.2.826.0.1.3680043.2.526.11.40.1608721769240233.4433288.9097470_binarymask_R1.png,0.9237758707723372,0.8583489681050657,0.8832046332046332,0.9998851050140172,0.9682539682539683,0.9994239807128906,0.08783783783783784
46,350,/mnt/data/spathak/CLaM-Annot/1.2.826.0.1.3680043.2.526.11.40.16082154785849364.3753604.457729/L MLO_1.2.826.0.1.3680043.2.526.11.40.16082154785849364.3865310.447752/1.2.826.0.1.3680043.2.526.11.40.16082154785849364.3865307.213010_processed.png,/mnt/data/spathak/CLaM-Annot/1.2.826.0.1.3680043.2.526.11.40.16082154785849364.3753604.457729/L MLO_1.2.826.0.1.3680043.2.526.11.40.16082154785849364.3865310.447752/1.2.826.0.1.3680043.2.526.11.40.16082154785849364.3865307.213010_binarymask_R1.png,0.22910735220231118,0.12937393606960468,0.2177650429799427,0.9917143816866986,0.24169611307420494,0.9824409484863281,0.09901305316778096
47,352,/mnt/data/spathak/CLaM-Annot/1.2.826.0.1.3680043.2.526.11.40.16082154785849364.3753604.457729/R MLO_1.2.826.0.1.3680043.2.526.11.40.16082154785849364.3753605.101495/1.2.826.0.1.3680043.2.526.11.40.16082154785849364.3753602.981913_processed.png,/mnt/data/spathak/CLaM-Annot/1.2.826.0.1.3680043.2.526.11.40.16082154785849364.3753604.457729/R MLO_1.2.826.0.1.3680043.2.526.11.40.16082154785849364.3753605.101495/1.2.826.0.1.3680043.2.526.11.40.16082154785849364.3753602.981913_binarymask_R1.png,0.0,0.0,0.0,0.9891497805420436,0.0,0.9688682556152344,0.48167441860465116
48,361,/mnt/data/spathak/CLaM-Annot/1.2.826.0.1.3680043.2.526.11.40.1608721769240233.22272613.114604/L CC_1.2.826.0.1.3680043.2.526.11.40.1608721769240233.22746269.781090/1.2.826.0.1.3680043.2.526.11.40.1608721769240233.22746266.678656_processed.png,/mnt/data/spathak/CLaM-Annot/1.2.826.0.1.3680043.2.526.11.40.1608721769240233.22272613.114604/L CC_1.2.826.0.1.3680043.2.526.11.40.1608721769240233.22746269.781090/1.2.826.0.1.3680043.2.526.11.40.1608721769240233.22746266.678656_binarymask_R1.png,0.40753088840949203,0.2559113300492611,0.2559113300492611,1.0,1.0,0.9884757995605469,0.744088669950739
49,366,/mnt/data/spathak/CLaM-Annot/1.2.826.0.1.3680043.2.526.11.40.1608721769240233.22272613.114604/L MLO_1.2.826.0.1.3680043.2.526.11.40.1608721769240233.22272614.777529/1.2.826.0.1.3680043.2.526.11.40.1608721769240233.22272611.918791_processed.png,/mnt/data/spathak/CLaM-Annot/1.2.826.0.1.3680043.2.526.11.40.1608721769240233.22272613.114604/L MLO_1.2.826.0.1.3680043.2.526.11.40.1608721769240233.22272614.777529/1.2.826.0.1.3680043.2.526.11.40.1608721769240233.22272611.918791_binarymask_R1.png,0.6597984322508399,0.4923128342245989,0.523454157782516,0.9993136158562449,0.8921865536038764,0.9942054748535156,0.4132906894100924
50,367,/mnt/data/spathak/CLaM-Annot/1.2.826.0.1.3680043.2.526.11.40.1608721769240233.22272613.114604/R CC_1.2.826.0.1.3680043.2.526.11.40.1608721769240233.22853108.480036/1.2.826.0.1.3680043.2.526.11.40.1608721769240233.22853106.783240_processed.png,/mnt/data/spathak/CLaM-Annot/1.2.826.0.1.3680043.2.526.11.40.1608721769240233.22272613.114604/R CC_1.2.826.0.1.3680043.2.526.11.40.1608721769240233.22853108.480036/1.2.826.0.1.3680043.2.526.11.40.1608721769240233.22853106.783240_binarymask_R1.png,0.8579115626879372,0.7511778726234688,0.8567454798331016,0.9909753740977404,0.859080824088748,0.9828758239746094,0.0027184220508281705
51,368,/mnt/data/spathak/CLaM-Annot/1.2.826.0.1.3680043.2.526.11.40.1608721769240233.22272613.114604/R CC_1.2.826.0.1.3680043.2.526.11.40.1608721769240233.22853108.480036/1.2.826.0.1.3680043.2.526.11.40.1608721769240233.22853106.783240_processed.png,/mnt/data/spathak/CLaM-Annot/1.2.826.0.1.3680043.2.526.11.40.1608721769240233.22272613.114604/R CC_1.2.826.0.1.3680043.2.526.11.40.1608721769240233.22853108.480036/1.2.826.0.1.3680043.2.526.11.40.1608721769240233.22853106.783240_binarymask_R2.png,0.2110343314686849,0.11796443899448192,0.7824318828792192,0.9466623024048366,0.12196513470681458,0.9451217651367188,5.415209434729565
52,370,/mnt/data/spathak/CLaM-Annot/1.2.826.0.1.3680043.2.526.11.40.1608721769240233.22272613.114604/R MLO_1.2.826.0.1.3680043.2.526.11.40.1608721769240233.23245761.637667/1.2.826.0.1.3680043.2.526.11.40.1608721769240233.23245759.839580_processed.png,/mnt/data/spathak/CLaM-Annot/1.2.826.0.1.3680043.2.526.11.40.1608721769240233.22272613.114604/R MLO_1.2.826.0.1.3680043.2.526.11.40.1608721769240233.23245761.637667/1.2.826.0.1.3680043.2.526.11.40.1608721769240233.23245759.839580_binarymask_R1.png,0.8468798422313002,0.7344246274126558,0.9582403570290086,0.9846792416545137,0.7587077233720343,0.9834136962890625,0.2629901179470832
53,371,/mnt/data/spathak/CLaM-Annot/1.2.826.0.1.3680043.2.526.11.40.1608721769240233.22272613.114604/R MLO_1.2.826.0.1.3680043.2.526.11.40.1608721769240233.23245761.637667/1.2.826.0.1.3680043.2.526.11.40.1608721769240233.23245759.839580_processed.png,/mnt/data/spathak/CLaM-Annot/1.2.826.0.1.3680043.2.526.11.40.1608721769240233.22272613.114604/R MLO_1.2.826.0.1.3680043.2.526.11.40.1608721769240233.23245761.637667/1.2.826.0.1.3680043.2.526.11.40.1608721769240233.23245759.839580_binarymask_R2.png,0.3670307462830198,0.22476280275797042,0.7728470111448835,0.9532131457297373,0.2406612821807168,0.9498176574707031,2.2113475177304966
54,424,/mnt/data/spathak/CLaM-Annot/1.2.826.0.1.3680043.2.526.11.40.16082154785849364.11839612.51340/R CC_1.2.826.0.1.3680043.2.526.11.40.16082154785849364.12132885.78227/1.2.826.0.1.3680043.2.526.11.40.16082154785849364.12132883.47603_processed.png,/mnt/data/spathak/CLaM-Annot/1.2.826.0.1.3680043.2.526.11.40.16082154785849364.11839612.51340/R CC_1.2.826.0.1.3680043.2.526.11.40.16082154785849364.12132885.78227/1.2.826.0.1.3680043.2.526.11.40.16082154785849364.12132883.47603_binarymask_R1.png,0.25671641791044775,0.14726027397260275,0.14878892733564014,0.9999885432777682,0.9347826086956522,0.9990501403808594,0.8408304498269896
55,486,/mnt/data/spathak/CLaM-Annot/1.2.826.0.1.3680043.2.526.11.40.1608721769240233.20823936.661542/R CC_1.2.826.0.1.3680043.2.526.11.40.1608721769240233.21688813.935567/1.2.826.0.1.3680043.2.526.11.40.1608721769240233.21688811.695171_processed.png,/mnt/data/spathak/CLaM-Annot/1.2.826.0.1.3680043.2.526.11.40.1608721769240233.20823936.661542/R CC_1.2.826.0.1.3680043.2.526.11.40.1608721769240233.21688813.935567/1.2.826.0.1.3680043.2.526.11.40.1608721769240233.21688811.695171_binarymask_R1.png,0.9046769011067476,0.8259452411994785,0.9852255054432348,0.9990492911852425,0.8363036303630363,0.9989814758300781,0.1780715396578538
56,488,/mnt/data/spathak/CLaM-Annot/1.2.826.0.1.3680043.2.526.11.40.1608721769240233.20823936.661542/R MLO_1.2.826.0.1.3680043.2.526.11.40.1608721769240233.20823938.931812/1.2.826.0.1.3680043.2.526.11.40.1608721769240233.20823930.795989_processed.png,/mnt/data/spathak/CLaM-Annot/1.2.826.0.1.3680043.2.526.11.40.1608721769240233.20823936.661542/R MLO_1.2.826.0.1.3680043.2.526.11.40.1608721769240233.20823938.931812/1.2.826.0.1.3680043.2.526.11.40.1608721769240233.20823930.795989_binarymask_R1.png,0.7853042479908151,0.6465028355387523,0.860738255033557,0.9984863116588492,0.7220267417311752,0.9978599548339844,0.19211409395973153
