cached_image_finite_fraction,cached_image_max,cached_image_mean,cached_image_min,cached_image_nonzero_pixels,cached_image_numel,cached_image_shape,cached_image_std,cached_mask_finite_fraction,cached_mask_max,cached_mask_mean,cached_mask_min,cached_mask_nonzero_pixels,cached_mask_numel,cached_mask_shape,cached_mask_std,gt_positive_pixels_at_0.5,image_name,model_input_finite_fraction,model_input_max,model_input_mean,model_input_min,model_input_nonzero_pixels,model_input_numel,model_input_shape,model_input_std,possible_double_scaling,prediction_positive_pixels,probability_finite_fraction,probability_max,probability_mean,probability_min,probability_nonzero_pixels,probability_numel,probability_shape,probability_std,processed_mask_finite_fraction,processed_mask_max,processed_mask_mean,processed_mask_min,processed_mask_nonzero_pixels,processed_mask_numel,processed_mask_shape,processed_mask_std
1.0,0.014194921590387821,0.001763394451700151,0.0,778530,786432,3x512x512,0.0018460069550201297,1.0,1.0,0.033477783203125,0.0,8776,262144,1x512x512,0.17988057434558868,0,ISPY1_1005,1.0,-0.9998886585235596,-0.9999861717224121,-1.0,786432,786432,3x512x512,1.4478513548965566e-05,True,0,1.0,0.12178519368171692,0.001720131142064929,1.0168320159209543e-06,262144,262144,1x512x512,0.012838026508688927,1.0,0.003921568859368563,0.00013128542923368514,0.0,8776,262144,1x512x512,0.0007054140442050993
1.0,0.01727919839322567,0.0026798148173838854,0.0002403332618996501,786432,786432,3x512x512,0.0019711097702383995,1.0,1.0,0.0177154541015625,0.0,4644,262144,1x512x512,0.13191518187522888,0,ISPY1_1007,1.0,-0.9998644590377808,-0.9999790191650391,-0.9999980926513672,786432,786432,3x512x512,1.545920895296149e-05,True,0,1.0,0.12178124487400055,0.000868109695147723,2.352495357627049e-06,262144,262144,1x512x512,0.009298584423959255,1.0,0.003921568859368563,6.947237852727994e-05,0.0,4644,262144,1x512x512,0.0005173144745640457
1.0,0.0064031644724309444,0.0004644256259780377,0.0,769278,786432,3x512x512,0.000737484369892627,1.0,1.0,0.0137786865234375,0.0,3612,262144,1x512x512,0.11657115817070007,0,ISPY1_1017,1.0,-0.9999497532844543,-0.9999963641166687,-1.0,786432,786432,3x512x512,5.783929282188183e-06,True,0,1.0,0.0012202290818095207,1.6397862054873258e-05,2.471740799592226e-06,262144,262144,1x512x512,3.27044544974342e-05,1.0,0.003921568859368563,5.4034069762565196e-05,0.0,3612,262144,1x512x512,0.00045714181032963097
1.0,0.009825052693486214,0.0008382535888813436,0.0,778341,786432,3x512x512,0.0009164946968667209,1.0,1.0,0.0288543701171875,0.0,7564,262144,1x512x512,0.16739711165428162,0,ISPY1_1027,1.0,-0.9999229311943054,-0.9999933242797852,-1.0,786432,786432,3x512x512,7.188367362687131e-06,True,0,1.0,0.07359570264816284,3.9636139263166115e-05,2.4206851776398253e-06,262144,262144,1x512x512,0.000813885300885886,1.0,0.003921568859368563,0.00011315439769532531,0.0,7564,262144,1x512x512,0.0006564593059010804
1.0,0.004448072984814644,0.00044268419151194394,0.0,769278,786432,3x512x512,0.0006024664617143571,1.0,1.0,0.0297088623046875,0.0,7788,262144,1x512x512,0.16978293657302856,0,ISPY1_1036,1.0,-0.9999651312828064,-0.9999964833259583,-1.0,786432,786432,3x512x512,4.724702648672974e-06,True,0,1.0,0.0009275307529605925,1.6477824829053134e-05,2.4780613330221968e-06,262144,262144,1x512x512,3.0186205549398437e-05,1.0,0.003921568859368563,0.00011650535452645272,0.0,7788,262144,1x512x512,0.0006658154889009893
1.0,0.011776329949498177,0.0010532495798543096,5.7222205214202404e-05,786432,786432,3x512x512,0.0013015266740694642,1.0,1.0,0.0646820068359375,0.0,16956,262144,1x512x512,0.245963916182518,0,ISPY1_1040,1.0,-0.9999076128005981,-0.9999917149543762,-0.9999995231628418,786432,786432,3x512x512,1.0208053026872221e-05,True,0,1.0,0.003932072315365076,2.55673767242115e-05,2.4007526917557698e-06,262144,262144,1x512x512,7.993502367753536e-05,1.0,0.003921568859368563,0.0002536549582146108,0.0,16956,262144,1x512x512,0.0009645643876865506
1.0,0.01483008824288845,0.001464874017983675,0.00014496291987597942,786432,786432,3x512x512,0.001304267323575914,1.0,1.0,0.0070037841796875,0.0,1836,262144,1x512x512,0.08339503407478333,0,ISPY1_1042,1.0,-0.9998837113380432,-0.9999885559082031,-0.9999988675117493,786432,786432,3x512x512,1.0230513908027206e-05,True,0,1.0,0.12190850079059601,0.00046455691335722804,2.2509261725645047e-06,262144,262144,1x512x512,0.006435513962060213,1.0,0.003921568859368563,2.7465821403893642e-05,0.0,1836,262144,1x512x512,0.0003270393644925207
1.0,0.006925794295966625,0.00078973249765113,0.0,763884,786432,3x512x512,0.001040856004692614,1.0,1.0,0.02532958984375,0.0,6640,262144,1x512x512,0.15712416172027588,0,ISPY1_1051,1.0,-0.9999457001686096,-0.9999938011169434,-1.0,786432,786432,3x512x512,8.163470738509204e-06,True,0,1.0,0.0035230384673923254,2.0785053493455052e-05,2.4449955162708648e-06,262144,262144,1x512x512,6.999426113907248e-05,1.0,0.003921568859368563,9.933172987075523e-05,0.0,6640,262144,1x512x512,0.0006161732017062604
1.0,0.005991164594888687,0.0008727047243155539,0.00013542588567361236,786432,786432,3x512x512,0.000671735149808228,1.0,1.0,0.004241943359375,0.0,1112,262144,1x512x512,0.06499191373586655,0,ISPY1_1053,1.0,-0.999953031539917,-0.9999931454658508,-0.999998927116394,786432,786432,3x512x512,5.269585471978644e-06,True,0,1.0,0.00108781224116683,1.619408794795163e-05,2.4744579150137724e-06,262144,262144,1x512x512,2.2311822249321267e-05,1.0,0.003921568859368563,1.663507464400027e-05,0.0,1112,262144,1x512x512,0.0002548702759668231
1.0,0.014719458296895027,0.0021909878123551607,0.0001544999540783465,786432,786432,3x512x512,0.0022255515214055777,1.0,1.0,0.0142822265625,0.0,3744,262144,1x512x512,0.11865177750587463,0,ISPY1_1072,1.0,-0.9998845458030701,-0.9999827742576599,-0.9999988079071045,786432,786432,3x512x512,1.7456291971029714e-05,True,0,1.0,0.0008511664345860481,2.068354660877958e-05,2.367344904996571e-06,262144,262144,1x512x512,2.8964632292627357e-05,1.0,0.003921568859368563,5.600873555522412e-05,0.0,3744,262144,1x512x512,0.0004653011274058372
1.0,0.020327236503362656,0.002524994546547532,0.00016212958144024014,786432,786432,3x512x512,0.002812810707837343,1.0,1.0,0.00830078125,0.0,2176,262144,1x512x512,0.09072969853878021,0,ISPY1_1074,1.0,-0.9998405575752258,-0.9999802112579346,-0.9999987483024597,786432,786432,3x512x512,2.206194039899856e-05,True,0,1.0,0.12093649059534073,0.0005356980254873633,2.373624965912313e-06,262144,262144,1x512x512,0.005959011614322662,1.0,0.003921568859368563,3.255208503105678e-05,0.0,2176,262144,1x512x512,0.000355802767444402
1.0,0.009365367703139782,0.0010481711942702532,0.00011825922410935163,786432,786432,3x512x512,0.0009669833816587925,1.0,1.0,0.0106658935546875,0.0,2796,262144,1x512x512,0.10272356867790222,0,ISPY1_1082,1.0,-0.9999265670776367,-0.9999918341636658,-0.9999990463256836,786432,786432,3x512x512,7.585239927720977e-06,True,0,1.0,0.008076678030192852,2.296986713190563e-05,2.396502623014385e-06,262144,262144,1x512x512,0.0001480236096540466,1.0,0.003921568859368563,4.182703560218215e-05,0.0,2796,262144,1x512x512,0.0004028375551570207
1.0,0.045072026550769806,0.004167752806097269,0.0,538068,786432,3x512x512,0.0058056204579770565,1.0,1.0,0.040863037109375,0.0,10712,262144,1x512x512,0.1979728490114212,0,ISPY1_1084,1.0,-0.9996464848518372,-0.9999672770500183,-1.0,786432,786432,3x512x512,4.553415783448145e-05,True,0,1.0,0.1273544281721115,0.00398553442209959,2.2931990315555595e-06,262144,262144,1x512x512,0.020997393876314163,1.0,0.003921568859368563,0.00016024721844587475,0.0,10712,262144,1x512x512,0.0007763641769997776
1.0,0.00790810864418745,0.0006336223450489342,0.0,776301,786432,3x512x512,0.000812022655736655,1.0,1.0,0.01678466796875,0.0,4400,262144,1x512x512,0.1284637749195099,0,ISPY1_1087,1.0,-0.9999379515647888,-0.9999949932098389,-1.0,786432,786432,3x512x512,6.368319645844167e-06,True,0,1.0,0.04723688215017319,4.6758519602008164e-05,2.4741511879255995e-06,262144,262144,1x512x512,0.0007341258460655808,1.0,0.003921568859368563,6.58222270430997e-05,0.0,4400,262144,1x512x512,0.0005037795635871589
1.0,0.9659907817840576,0.09756404161453247,0.0,508332,786432,3x512x512,0.14154866337776184,1.0,1.0,0.067962646484375,0.0,17816,262144,1x512x512,0.2516818046569824,0,ISPY1_1089,1.0,-0.9924235939979553,-0.9992347359657288,-1.0,786432,786432,3x512x512,0.0011101854033768177,True,0,1.0,0.17084497213363647,0.005859811324626207,2.0150946511421353e-06,262144,262144,1x512x512,0.025997338816523552,1.0,0.003921568859368563,0.0002665202191565186,0.0,17816,262144,1x512x512,0.000986987492069602
1.0,0.008632923476397991,0.0010175792267546058,0.00013733329251408577,786432,786432,3x512x512,0.0010778631549328566,1.0,1.0,0.0205078125,0.0,5376,262144,1x512x512,0.141729474067688,0,ISPY1_1090,1.0,-0.9999322891235352,-0.9999919533729553,-0.999998927116394,786432,786432,3x512x512,8.454963790427428e-06,True,0,1.0,0.004288122523576021,2.3134483853937127e-05,2.406373141639051e-06,262144,262144,1x512x512,9.80354961939156e-05,1.0,0.003921568859368563,8.04227966000326e-05,0.0,5376,262144,1x512x512,0.0005558018456213176
1.0,0.009029664099216461,0.0008383500389754772,0.0,754668,786432,3x512x512,0.0012688555289059877,1.0,1.0,0.017303466796875,0.0,4536,262144,1x512x512,0.13039959967136383,0,ISPY1_1094,1.0,-0.9999291896820068,-0.9999933838844299,-1.0,786432,786432,3x512x512,9.951340871339198e-06,True,0,1.0,0.01300295814871788,3.3908378100022674e-05,2.4135874809871893e-06,262144,262144,1x512x512,0.00025908462703227997,1.0,0.003921568859368563,6.785673031117767e-05,0.0,4536,262144,1x512x512,0.0005113710067234933
1.0,0.012966551817953587,0.0008873012848198414,0.0,786396,786432,3x512x512,0.0009911397937685251,1.0,1.0,0.0297393798828125,0.0,7796,262144,1x512x512,0.16986744105815887,0,ISPY1_1097,1.0,-0.9998983144760132,-0.9999930262565613,-1.0,786432,786432,3x512x512,7.772413482598495e-06,True,0,1.0,0.12035566568374634,0.0003968771197833121,2.297051423738594e-06,262144,262144,1x512x512,0.005440623965114355,1.0,0.003921568859368563,0.00011662502947729081,0.0,7796,262144,1x512x512,0.0006661468651145697
1.0,0.007677312474697828,0.0008530421182513237,0.0,742479,786432,3x512x512,0.0012666448019444942,1.0,1.0,0.0460205078125,0.0,12064,262144,1x512x512,0.20952951908111572,0,ISPY1_1101,1.0,-0.9999397993087769,-0.9999932646751404,-1.0,786432,786432,3x512x512,9.934081390383653e-06,True,0,1.0,0.03629182651638985,5.2758990932488814e-05,2.427745812383364e-06,262144,262144,1x512x512,0.0007174120983108878,1.0,0.003921568859368563,0.00018047257617581636,0.0,12064,262144,1x512x512,0.0008216844289563596
1.0,0.011383404023945332,0.0012442556908354163,3.0518509447574615e-05,786432,786432,3x512x512,0.0013538768980652094,1.0,1.0,0.007904052734375,0.0,2072,262144,1x512x512,0.08855269104242325,0,ISPY1_1103,1.0,-0.9999107122421265,-0.9999902248382568,-0.9999997615814209,786432,786432,3x512x512,1.06225897980039e-05,True,0,1.0,0.06738823652267456,6.380849663401023e-05,1.0835686907739728e-06,262144,262144,1x512x512,0.0009622635552659631,1.0,0.003921568859368563,3.099628520430997e-05,0.0,2072,262144,1x512x512,0.00034726547892205417
1.0,0.004211554303765297,0.0005830226000398397,3.0518509447574615e-05,786432,786432,3x512x512,0.0005079711554571986,1.0,1.0,0.0401763916015625,0.0,10532,262144,1x512x512,0.19637273252010345,0,ISPY1_1114,1.0,-0.9999669790267944,-0.9999955296516418,-0.9999997615814209,786432,786432,3x512x512,3.990158802480437e-06,True,0,1.0,0.0001729893556330353,1.4957870916987304e-05,2.4983498860819964e-06,262144,262144,1x512x512,6.11297537034261e-06,1.0,0.003921568859368563,0.00015755447384435683,0.0,10532,262144,1x512x512,0.0007700891583226621
1.0,0.012451551854610443,0.0013609292218461633,0.00014687032671645284,786432,786432,3x512x512,0.0018179265316575766,1.0,1.0,0.087738037109375,0.0,23000,262144,1x512x512,0.28291353583335876,0,ISPY1_1139,1.0,-0.9999023675918579,-0.9999893307685852,-0.9999988675117493,786432,786432,3x512x512,1.4258584087656345e-05,True,0,1.0,0.07140213996171951,0.00012706563575193286,2.366480430282536e-06,262144,262144,1x512x512,0.0013516892213374376,1.0,0.003921568859368563,0.0003440707514528185,0.0,23000,262144,1x512x512,0.0011094649089500308
1.0,0.004402294754981995,0.0003986619703937322,0.0,737244,786432,3x512x512,0.0006369090406224132,1.0,1.0,0.020751953125,0.0,5440,262144,1x512x512,0.14255283772945404,0,ISPY1_1140,1.0,-0.999965488910675,-0.9999968409538269,-1.0,786432,786432,3x512x512,4.994590653950581e-06,True,0,1.0,0.00017294086865149438,1.448281454941025e-05,2.476051122357603e-06,262144,262144,1x512x512,5.9923390836047474e-06,1.0,0.003921568859368563,8.138021075865254e-05,0.0,5440,262144,1x512x512,0.0005590307409875095
1.0,0.1538953185081482,0.01078647468239069,0.0,643038,786432,3x512x512,0.015610823407769203,1.0,1.0,0.045928955078125,0.0,12040,262144,1x512x512,0.20933105051517487,0,ISPY1_1141,1.0,-0.9987930059432983,-0.999915361404419,-1.0,786432,786432,3x512x512,0.0001224378211190924,True,0,1.0,0.12866151332855225,0.003032951382920146,2.6110169528692495e-06,262144,262144,1x512x512,0.0179832112044096,1.0,0.003921568859368563,0.00018011356587521732,0.0,12040,262144,1x512x512,0.0008209060761146247
1.0,0.009123126976191998,0.0008973856456577778,0.0,777360,786432,3x512x512,0.0010131631279364228,1.0,1.0,0.085693359375,0.0,22464,262144,1x512x512,0.27991071343421936,0,ISPY1_1145,1.0,-0.9999284744262695,-0.9999930262565613,-1.0,786432,786432,3x512x512,7.946031473693438e-06,True,0,1.0,0.000768316735047847,1.8011003703577444e-05,2.42230862568249e-06,262144,262144,1x512x512,2.0409001081134193e-05,1.0,0.003921568859368563,0.00033605238422751427,0.0,22464,262144,1x512x512,0.0010976891499012709
1.0,0.010118793696165085,0.001245957682840526,0.0001277962583117187,786432,786432,3x512x512,0.0010899849003180861,1.0,1.0,0.0152740478515625,0.0,4004,262144,1x512x512,0.12264074385166168,0,ISPY1_1148,1.0,-0.999920666217804,-0.9999902248382568,-0.9999989867210388,786432,786432,3x512x512,8.549889571440872e-06,True,0,1.0,0.12172555923461914,0.0005919943796470761,2.431805569358403e-06,262144,262144,1x512x512,0.0076615638099610806,1.0,0.003921568859368563,5.9898229665122926e-05,0.0,4004,262144,1x512x512,0.0004809441161341965
1.0,0.010786385275423527,0.0015157010639086366,0.00012016663094982505,786432,786432,3x512x512,0.0011865950655192137,1.0,1.0,0.00897216796875,0.0,2352,262144,1x512x512,0.09429564327001572,0,ISPY1_1149,1.0,-0.9999154210090637,-0.9999880790710449,-0.9999990463256836,786432,786432,3x512x512,9.307670552516356e-06,True,0,1.0,0.07405167073011398,6.843027949798852e-05,2.384522304055281e-06,262144,262144,1x512x512,0.0012466369662433863,1.0,0.003921568859368563,3.518497396726161e-05,0.0,2352,262144,1x512x512,0.00036978686694055796
1.0,0.014101458713412285,0.0013849352253600955,0.00021553697297349572,786432,786432,3x512x512,0.0012765477877110243,1.0,1.0,0.0201568603515625,0.0,5284,262144,1x512x512,0.14053669571876526,0,ISPY1_1150,1.0,-0.9998893737792969,-0.9999892115592957,-0.9999983310699463,786432,786432,3x512x512,1.0013155588239897e-05,True,0,1.0,0.12169782817363739,0.0007973664905875921,2.387337190157268e-06,262144,262144,1x512x512,0.00830069836229086,1.0,0.003921568859368563,7.904651283752173e-05,0.0,5284,262144,1x512x512,0.0005511243361979723
1.0,0.007341609336435795,0.0012015298707410693,0.00018883327720686793,786432,786432,3x512x512,0.0008427311549894512,1.0,1.0,0.0081939697265625,0.0,2148,262144,1x512x512,0.09014892578125,0,ISPY1_1151,1.0,-0.999942421913147,-0.9999906420707703,-0.9999985098838806,786432,786432,3x512x512,6.610829132114304e-06,True,0,1.0,0.0008413605974055827,1.8110098608303815e-05,2.405781060588197e-06,262144,262144,1x512x512,2.4706629119464196e-05,1.0,0.003921568859368563,3.213321906514466e-05,0.0,2148,262144,1x512x512,0.0003535252180881798
1.0,0.008453627116978168,0.001245905994437635,3.0518509447574615e-05,786432,786432,3x512x512,0.0013377720024436712,1.0,1.0,0.0324859619140625,0.0,8516,262144,1x512x512,0.17728684842586517,0,ISPY1_1156,1.0,-0.9999337196350098,-0.9999902844429016,-0.9999997615814209,786432,786432,3x512x512,1.0496464710740838e-05,True,0,1.0,0.000674387498293072,2.1076755729154684e-05,2.3896946004242636e-06,262144,262144,1x512x512,2.515447704354301e-05,1.0,0.003921568859368563,0.00012739593512378633,0.0,8516,262144,1x512x512,0.0006952425464987755
1.0,0.015934476628899574,0.0017927194712683558,0.00026131473714485765,786432,786432,3x512x512,0.0015574584249407053,1.0,1.0,0.0507354736328125,0.0,13300,262144,1x512x512,0.21945703029632568,0,ISPY1_1159,1.0,-0.999875009059906,-0.999985933303833,-0.9999979734420776,786432,786432,3x512x512,1.2214923117426224e-05,True,0,1.0,0.12147753685712814,0.00037118102773092687,1.6066217085608514e-06,262144,262144,1x512x512,0.005064492113888264,1.0,0.003921568859368563,0.00019896263256669044,0.0,13300,262144,1x512x512,0.0008606158080510795
1.0,0.025673694908618927,0.0018118609441444278,0.0,575238,786432,3x512x512,0.002758970018476248,1.0,1.0,0.018951416015625,0.0,4968,262144,1x512x512,0.13635343313217163,0,ISPY1_1160,1.0,-0.9997986555099487,-0.9999858736991882,-1.0,786432,786432,3x512x512,2.1639101760229096e-05,True,0,1.0,0.1249639168381691,0.0014610631624236703,1.0977078090945724e-06,262144,262144,1x512x512,0.012558462098240852,1.0,0.003921568859368563,7.431927951984107e-05,0.0,4968,262144,1x512x512,0.0005347193800844252
1.0,0.009289070963859558,0.0009461971931159496,0.0,774801,786432,3x512x512,0.00108871771954,1.0,1.0,0.0537261962890625,0.0,14084,262144,1x512x512,0.22547659277915955,0,ISPY1_1161,1.0,-0.9999271631240845,-0.9999924302101135,-1.0,786432,786432,3x512x512,8.53962410474196e-06,True,0,1.0,0.000307397946016863,1.8725526388152502e-05,2.3945606244524242e-06,262144,262144,1x512x512,1.6984304238576442e-05,1.0,0.003921568859368563,0.00021069098147563636,0.0,14084,262144,1x512x512,0.0008842219831421971
1.0,0.013826792128384113,0.0014536312082782388,0.00010299996938556433,786432,786432,3x512x512,0.001277489005587995,1.0,1.0,0.0149688720703125,0.0,3924,262144,1x512x512,0.12142819166183472,0,ISPY1_1164,1.0,-0.9998915791511536,-0.9999886155128479,-0.9999991655349731,786432,786432,3x512x512,1.0019814908446278e-05,True,0,1.0,0.12242499738931656,0.0009595665615051985,2.38240818362101e-06,262144,262144,1x512x512,0.009501202963292599,1.0,0.003921568859368563,5.870146560482681e-05,0.0,3924,262144,1x512x512,0.00047618901589885354
1.0,0.017984939739108086,0.002056495286524296,0.0,628050,786432,3x512x512,0.0024337214417755604,1.0,1.0,0.0544891357421875,0.0,14284,262144,1x512x512,0.2269803285598755,0,ISPY1_1167,1.0,-0.9998589158058167,-0.9999839663505554,-1.0,786432,786432,3x512x512,1.908818376250565e-05,True,0,1.0,0.07405997812747955,9.138379391515628e-05,1.7892003825181746e-06,262144,262144,1x512x512,0.0010853856801986694,1.0,0.003921568859368563,0.00021368288435041904,0.0,14284,262144,1x512x512,0.0008901190012693405
1.0,0.014557329006493092,0.0014666990609839559,3.0518509447574615e-05,786432,786432,3x512x512,0.0017126410966739058,1.0,1.0,0.013889312744140625,0.0,3641,262144,1x512x512,0.11703161895275116,0,ISPY1_1169,1.0,-0.9998857975006104,-0.9999884963035583,-0.9999997615814209,786432,786432,3x512x512,1.3436626431939658e-05,True,0,1.0,0.028990674763917923,3.8916572520975024e-05,2.0013512767036445e-06,262144,262144,1x512x512,0.0004300425061956048,1.0,0.003921568859368563,5.4467895097332075e-05,0.0,3641,262144,1x512x512,0.000458947557490319
1.0,0.12109935283660889,0.0104821203276515,0.0,779946,786432,3x512x512,0.014887255616486073,1.0,1.0,0.087646484375,0.0,22976,262144,1x512x512,0.28278008103370667,0,ISPY1_1173,1.0,-0.9990501999855042,-0.9999178051948547,-1.0,786432,786432,3x512x512,0.00011676279245875776,True,0,1.0,0.12488703429698944,0.0011276843724772334,2.766607622106676e-06,262144,262144,1x512x512,0.00945068709552288,1.0,0.003921568859368563,0.0003437116974964738,0.0,22976,262144,1x512x512,0.0011089416220784187
1.0,0.010402996093034744,0.001273487345315516,0.0001964629045687616,786432,786432,3x512x512,0.0012432278599590063,1.0,1.0,0.0506439208984375,0.0,13276,262144,1x512x512,0.2192694991827011,0,ISPY1_1175,1.0,-0.9999184012413025,-0.9999899864196777,-0.9999984502792358,786432,786432,3x512x512,9.751502147992142e-06,True,0,1.0,0.12096259742975235,0.00020253458933439106,2.392645455984166e-06,262144,262144,1x512x512,0.0032067163847386837,1.0,0.003921568859368563,0.00019860363681800663,0.0,13276,262144,1x512x512,0.0008598804706707597
1.0,0.010982848703861237,0.0008352974546141922,0.0,775779,786432,3x512x512,0.0007546890410594642,1.0,1.0,0.01953125,0.0,5120,262144,1x512x512,0.13838273286819458,0,ISPY1_1176,1.0,-0.9999138712882996,-0.9999933838844299,-1.0,786432,786432,3x512x512,5.9188291743339505e-06,True,0,1.0,0.000330159644363448,1.635036096558906e-05,1.90092475804704e-06,262144,262144,1x512x512,1.0875336556637194e-05,1.0,0.003921568859368563,7.659313996555284e-05,0.0,5120,262144,1x512x512,0.0005426774150691926
1.0,0.01223792228847742,0.0009349861647933722,3.0518509447574615e-05,786432,786432,3x512x512,0.0008702274644747376,1.0,1.0,0.01346588134765625,0.0,3530,262144,1x512x512,0.11525862663984299,0,ISPY1_1179,1.0,-0.9999040365219116,-0.9999926686286926,-0.9999997615814209,786432,786432,3x512x512,6.829743142588995e-06,True,0,1.0,0.0002623348555061966,1.6459825928905047e-05,2.421179033262888e-06,262144,262144,1x512x512,9.233908713213168e-06,1.0,0.003921568859368563,5.280737968860194e-05,0.0,3530,262144,1x512x512,0.00045199465239420533
1.0,0.08697965741157532,0.006876533851027489,0.0,545436,786432,3x512x512,0.011485837399959564,1.0,1.0,0.011688232421875,0.0,3064,262144,1x512x512,0.10747845470905304,0,ISPY1_1180,1.0,-0.9993178248405457,-0.9999460577964783,-1.0,786432,786432,3x512x512,9.008494089357555e-05,True,0,1.0,0.1254849135875702,0.001629455597139895,2.4624025627417723e-06,262144,262144,1x512x512,0.013192511163651943,1.0,0.003921568859368563,4.583620830089785e-05,0.0,3064,262144,1x512x512,0.0004214841465000063
1.0,0.008880886249244213,0.0014623816823586822,0.00013351847883313894,786432,786432,3x512x512,0.0013623838312923908,1.0,1.0,0.04632568359375,0.0,12144,262144,1x512x512,0.21018947660923004,0,ISPY1_1181,1.0,-0.9999303221702576,-0.9999885559082031,-0.999998927116394,786432,786432,3x512x512,1.0685986126190983e-05,True,0,1.0,0.014047088101506233,3.9522594306617975e-05,2.4036621653067414e-06,262144,262144,1x512x512,0.00032408093102276325,1.0,0.003921568859368563,0.00018166936933994293,0.0,12144,262144,1x512x512,0.0008242725161835551
1.0,0.00555436871945858,0.0008675966528244317,3.0518509447574615e-05,786432,786432,3x512x512,0.0007810084498487413,1.0,1.0,0.03504180908203125,0.0,9186,262144,1x512x512,0.18388551473617554,0,ISPY1_1183,1.0,-0.9999564290046692,-0.999993085861206,-0.9999997615814209,786432,786432,3x512x512,6.131057034508558e-06,True,0,1.0,0.00021403116988949478,1.5872583389864303e-05,2.470345634719706e-06,262144,262144,1x512x512,9.85676706477534e-06,1.0,0.003921568859368563,0.00013741885777562857,0.0,9186,262144,1x512x512,0.000721119693480432
1.0,0.019755013287067413,0.0032247707713395357,0.00011825922410935163,786432,786432,3x512x512,0.002627577865496278,1.0,1.0,0.0885467529296875,0.0,23212,262144,1x512x512,0.2840884029865265,0,ISPY1_1187,1.0,-0.9998450875282288,-0.9999747276306152,-0.9999990463256836,786432,786432,3x512x512,2.060879342025146e-05,True,0,1.0,0.1221502348780632,0.0015156773151829839,2.2907904622115893e-06,262144,262144,1x512x512,0.01224514003843069,1.0,0.003921568859368563,0.0003472421958576888,0.0,23212,262144,1x512x512,0.0011140722781419754
1.0,0.006635868456214666,0.0007964579272083938,0.0,776568,786432,3x512x512,0.0008654668345116079,1.0,1.0,0.014923095703125,0.0,3912,262144,1x512x512,0.12124519050121307,0,ISPY1_1191,1.0,-0.9999479651451111,-0.9999937415122986,-1.0,786432,786432,3x512x512,6.787046913814265e-06,True,0,1.0,0.07059881836175919,0.00010645981092238799,2.454092054904322e-06,262144,262144,1x512x512,0.0019149313447996974,1.0,0.003921568859368563,5.852194590261206e-05,0.0,3912,262144,1x512x512,0.0004754713736474514
1.0,0.009115497581660748,0.0010714606614783406,8.392590098083019e-05,786432,786432,3x512x512,0.0008899849490262568,1.0,1.0,0.0149688720703125,0.0,3924,262144,1x512x512,0.12142819166183472,0,ISPY1_1193,1.0,-0.9999285340309143,-0.9999915957450867,-0.9999993443489075,786432,786432,3x512x512,6.980457783356542e-06,True,0,1.0,0.12161099910736084,0.000540531356818974,2.4075436613202328e-06,262144,262144,1x512x512,0.006742458324879408,1.0,0.003921568859368563,5.8701461966848e-05,0.0,3924,262144,1x512x512,0.00047618901589885354
1.0,0.006246757693588734,0.0008353281882591546,0.0,771018,786432,3x512x512,0.000938069773837924,1.0,1.0,0.1563873291015625,0.0,40996,262144,1x512x512,0.3632221519947052,0,ISPY1_1194,1.0,-0.9999510049819946,-0.9999935030937195,-1.0,786432,786432,3x512x512,7.356949936365709e-06,True,0,1.0,0.00017282662156503648,1.6473954019602388e-05,2.4506912268407177e-06,262144,262144,1x512x512,8.644019544590265e-06,1.0,0.003921568859368563,0.0006132836570031941,0.0,40996,262144,1x512x512,0.0014244007179513574
1.0,0.00895909033715725,0.0015816431259736419,0.0002517777029424906,786432,786432,3x512x512,0.0011314083822071552,1.0,1.0,0.07659912109375,0.0,20080,262144,1x512x512,0.26595431566238403,0,ISPY1_1199,1.0,-0.9999297261238098,-0.9999876618385315,-0.9999980330467224,786432,786432,3x512x512,8.874105333234183e-06,True,0,1.0,0.0001753505493979901,1.87777477549389e-05,2.39996279560728e-06,262144,262144,1x512x512,1.3487302567227744e-05,1.0,0.003921568859368563,0.0003003887250088155,0.0,20080,262144,1x512x512,0.001042958116158843
1.0,0.009338663890957832,0.001500088139437139,3.0518509447574615e-05,786432,786432,3x512x512,0.0015453953528776765,1.0,1.0,0.01253509521484375,0.0,3286,262144,1x512x512,0.11125630885362625,0,ISPY1_1201,1.0,-0.999926745891571,-0.999988317489624,-0.9999997615814209,786432,786432,3x512x512,1.2124439308536239e-05,True,0,1.0,0.07793011516332626,5.702186535927467e-05,2.3819382022338687e-06,262144,262144,1x512x512,0.0011830762960016727,1.0,0.003921568859368563,4.915723548037931e-05,0.0,3286,262144,1x512x512,0.00043629927677102387
1.0,0.0072634052485227585,0.0008761414210312068,0.0,786429,786432,3x512x512,0.0009897785494104028,1.0,1.0,0.003704071044921875,0.0,971,262144,1x512x512,0.060748256742954254,0,ISPY1_1202,1.0,-0.9999430179595947,-0.9999931454658508,-1.0,786432,786432,3x512x512,7.767645911371801e-06,True,0,1.0,0.00017273948469664901,1.5557880033156835e-05,2.445130576234078e-06,262144,262144,1x512x512,7.5635011853592005e-06,1.0,0.003921568859368563,1.4525769074680284e-05,0.0,971,262144,1x512x512,0.00023822847288101912
1.0,0.014997940510511398,0.0017074787756428123,0.00011444441042840481,786432,786432,3x512x512,0.0017377091571688652,1.0,1.0,0.030609130859375,0.0,8024,262144,1x512x512,0.1722562462091446,0,ISPY1_1203,1.0,-0.9998823404312134,-0.9999866485595703,-0.9999991059303284,786432,786432,3x512x512,1.3629804925585631e-05,True,0,1.0,0.12197452783584595,0.0024302653037011623,2.4096984816424083e-06,262144,262144,1x512x512,0.016124337911605835,1.0,0.003921568859368563,0.00012003581650787964,0.0,8024,262144,1x512x512,0.0006755146896466613
1.0,0.012203589081764221,0.0015054052928462625,9.91851557046175e-05,786432,786432,3x512x512,0.001222791033796966,1.0,1.0,0.1638641357421875,0.0,42956,262144,1x512x512,0.37015223503112793,0,ISPY1_1208,1.0,-0.9999042749404907,-0.9999882578849792,-0.9999992251396179,786432,786432,3x512x512,9.591093657945748e-06,True,0,1.0,0.0025697224773466587,2.3505937861045823e-05,2.3596317078045104e-06,262144,262144,1x512x512,6.15369135630317e-05,1.0,0.003921568859368563,0.0006426044274121523,0.0,42956,262144,1x512x512,0.0014515775255858898
1.0,0.011858347803354263,0.0014533208450302482,0.00011635181726887822,786432,786432,3x512x512,0.0015558734303340316,1.0,1.0,0.036163330078125,0.0,9480,262144,1x512x512,0.186696395277977,0,ISPY1_1210,1.0,-0.9999070167541504,-0.9999886155128479,-0.9999991059303284,786432,786432,3x512x512,1.2203512596897781e-05,True,0,1.0,0.12191231548786163,0.0012199983466416597,2.1573023332166485e-06,262144,262144,1x512x512,0.011119473725557327,1.0,0.003921568859368563,0.00014181698497850448,0.0,9480,262144,1x512x512,0.0007321427692659199
1.0,0.9846311211585999,0.07318700104951859,0.0,400830,786432,3x512x512,0.11409691721200943,1.0,1.0,0.027557373046875,0.0,7224,262144,1x512x512,0.16370083391666412,0,ISPY1_1215,1.0,-0.9922773838043213,-0.9994259476661682,-1.0,786432,786432,3x512x512,0.0008948776521719992,True,0,1.0,0.16307879984378815,0.004709883127361536,1.1728143363143317e-06,262144,262144,1x512x512,0.0230415016412735,1.0,0.003921568859368563,0.00010806813952513039,0.0,7224,262144,1x512x512,0.0006419640849344432
1.0,0.0098574785515666,0.0012657212791964412,3.0518509447574615e-05,786432,786432,3x512x512,0.0011663560289889574,1.0,1.0,0.019775390625,0.0,5184,262144,1x512x512,0.13922759890556335,0,ISPY1_1218,1.0,-0.9999226927757263,-0.9999900460243225,-0.9999997615814209,786432,786432,3x512x512,9.151057383860461e-06,True,0,1.0,0.015565071254968643,2.7731377485906705e-05,2.346078872506041e-06,262144,262144,1x512x512,0.00022956576140131801,1.0,0.003921568859368563,7.755055412417278e-05,0.0,5184,262144,1x512x512,0.0005459905951283872
1.0,0.033545564860105515,0.00394076993688941,0.00022125919349491596,786432,786432,3x512x512,0.004802143666893244,1.0,1.0,0.0233154296875,0.0,6112,262144,1x512x512,0.1509033441543579,0,ISPY1_1219,1.0,-0.9997369050979614,-0.9999690651893616,-0.9999982714653015,786432,786432,3x512x512,3.7663641705876216e-05,True,0,1.0,0.12768150866031647,0.002291515003889799,8.855419082465232e-07,262144,262144,1x512x512,0.01563549041748047,1.0,0.003921568859368563,9.143305942416191e-05,0.0,6112,262144,1x512x512,0.000591777847148478
1.0,0.013729514554142952,0.0016960097709670663,8.392590098083019e-05,786432,786432,3x512x512,0.0018010979983955622,1.0,1.0,0.2240753173828125,0.0,58740,262144,1x512x512,0.416971892118454,0,ISPY1_1221,1.0,-0.9998922944068909,-0.9999866485595703,-0.9999993443489075,786432,786432,3x512x512,1.4126700989436358e-05,True,0,1.0,0.12172170728445053,0.0004648099129553884,2.35083120969648e-06,262144,262144,1x512x512,0.0060059200040996075,1.0,0.003921568859368563,0.0008787267142906785,0.0,58740,262144,1x512x512,0.001635184045881033
1.0,0.004837184213101864,0.00028353490051813424,0.0,744750,786432,3x512x512,0.0005882150726392865,1.0,1.0,0.018829345703125,0.0,4936,262144,1x512x512,0.13592204451560974,0,ISPY1_1222,1.0,-0.9999620318412781,-0.9999976754188538,-1.0,786432,786432,3x512x512,4.613737928593764e-06,True,0,1.0,0.0008273479761555791,1.560792043164838e-05,2.4972589471872197e-06,262144,262144,1x512x512,1.888563929242082e-05,1.0,0.003921568859368563,7.38405724405311e-05,0.0,4936,262144,1x512x512,0.0005330276326276362
1.0,0.009796441532671452,0.0018476533005014062,0.0,786429,786432,3x512x512,0.0019696520175784826,1.0,1.0,0.00907135009765625,0.0,2378,262144,1x512x512,0.09481065720319748,0,ISPY1_1224,1.0,-0.9999231696128845,-0.9999855160713196,-1.0,786432,786432,3x512x512,1.545154009363614e-05,True,0,1.0,0.01175009272992611,2.5814795662881806e-05,8.187456614905386e-07,262144,262144,1x512x512,0.0001788618537830189,1.0,0.003921568859368563,3.5573924833443016e-05,0.0,2378,262144,1x512x512,0.000371806527255103
1.0,0.0188356451690197,0.002688892185688019,0.0002517777029424906,786432,786432,3x512x512,0.002335614524781704,1.0,1.0,0.008270263671875,0.0,2168,262144,1x512x512,0.09056415408849716,0,ISPY1_1225,1.0,-0.9998522400856018,-0.9999788403511047,-0.9999980330467224,786432,786432,3x512x512,1.8318371076020412e-05,True,0,1.0,0.1215435042977333,0.000805585237685591,1.939617277457728e-06,262144,262144,1x512x512,0.009159374050796032,1.0,0.003921568859368563,3.243241008021869e-05,0.0,2168,262144,1x512x512,0.0003551535774022341
1.0,0.004924924112856388,0.000363153318176046,0.0,751824,786432,3x512x512,0.0005695760482922196,1.0,1.0,0.010223388671875,0.0,2680,262144,1x512x512,0.10059259831905365,0,ISPY1_1227,1.0,-0.9999613761901855,-0.9999971389770508,-1.0,786432,786432,3x512x512,4.466498467081692e-06,True,0,1.0,0.0001729428331600502,1.4425807421503123e-05,2.4982355171232484e-06,262144,262144,1x512x512,5.843989129061811e-06,1.0,0.003921568859368563,4.00917197111994e-05,0.0,2680,262144,1x512x512,0.000394480797694996
1.0,0.02130191959440708,0.002136149210855365,3.0518509447574615e-05,786432,786432,3x512x512,0.002575469668954611,1.0,1.0,0.02323150634765625,0.0,6090,262144,1x512x512,0.15063798427581787,0,ISPY1_1230,1.0,-0.9998329281806946,-0.9999832510948181,-0.9999997615814209,786432,786432,3x512x512,2.0204559405101463e-05,True,0,1.0,0.12099946290254593,0.00036968087079003453,2.3651853098272113e-06,262144,262144,1x512x512,0.004967997781932354,1.0,0.003921568859368563,9.110395330935717e-05,0.0,6090,262144,1x512x512,0.000590737268794328
1.0,0.0037423321045935154,0.0002574021345935762,0.0,750666,786432,3x512x512,0.0004566778661683202,1.0,1.0,0.0123748779296875,0.0,3244,262144,1x512x512,0.11055198311805725,0,ISPY1_1231,1.0,-0.9999706745147705,-0.9999978542327881,-1.0,786432,786432,3x512x512,3.5832390494761057e-06,True,0,1.0,0.0001729746873024851,1.3853117707185447e-05,2.494440650480101e-06,262144,262144,1x512x512,3.4838726605812553e-06,1.0,0.003921568859368563,4.852893471252173e-05,0.0,3244,262144,1x512x512,0.000433537206845358
1.0,0.008026367984712124,0.0013393861008808017,3.0518509447574615e-05,786432,786432,3x512x512,0.00126928451936692,1.0,1.0,0.01078033447265625,0.0,2826,262144,1x512x512,0.10326722264289856,0,ISPY1_1233,1.0,-0.9999370574951172,-0.9999895095825195,-0.9999997615814209,786432,786432,3x512x512,9.95892878563609e-06,True,0,1.0,0.00017262766778003424,1.6181829778361134e-05,6.524573450406024e-07,262144,262144,1x512x512,7.69562666391721e-06,1.0,0.003921568859368563,4.22758239437826e-05,0.0,2826,262144,1x512x512,0.00040496952715329826
1.0,0.008087405003607273,0.0008230002713389695,0.0,786429,786432,3x512x512,0.0008651007665321231,1.0,1.0,0.020290374755859375,0.0,5319,262144,1x512x512,0.14099176228046417,0,ISPY1_1235,1.0,-0.999936580657959,-0.9999935030937195,-1.0,786432,786432,3x512x512,6.789377493987558e-06,True,0,1.0,0.03376070782542229,3.106508665950969e-05,2.463168357280665e-06,262144,262144,1x512x512,0.00044507149141281843,1.0,0.003921568859368563,7.95701052993536e-05,0.0,5319,262144,1x512x512,0.0005529088666662574
1.0,0.0066225165501236916,0.001230504596605897,3.0518509447574615e-05,786432,786432,3x512x512,0.0010012057609856129,1.0,1.0,0.01158905029296875,0.0,3038,262144,1x512x512,0.1070268377661705,0,ISPY1_1236,1.0,-0.9999480843544006,-0.9999902844429016,-0.9999997615814209,786432,786432,3x512x512,7.856734555389266e-06,True,0,1.0,0.00017274211859330535,1.8656664906302467e-05,2.444650363031542e-06,262144,262144,1x512x512,1.2508494364737999e-05,1.0,0.003921568859368563,4.544725379673764e-05,0.0,3038,262144,1x512x512,0.00041971312020905316
1.0,0.031859416514635086,0.003362330375239253,0.00019074068404734135,786432,786432,3x512x512,0.003807946341112256,1.0,1.0,0.02386474609375,0.0,6256,262144,1x512x512,0.15262772142887115,0,ISPY1_1238,1.0,-0.9997501373291016,-0.9999735951423645,-0.9999985098838806,786432,786432,3x512x512,2.98662343993783e-05,True,0,1.0,0.12445148825645447,0.00239355955272913,2.3429129214491695e-06,262144,262144,1x512x512,0.016272354871034622,1.0,0.003921568859368563,9.358724491903558e-05,0.0,6256,262144,1x512x512,0.0005985401221551001
