sample_id,dice,iou,sensitivity,specificity,precision,accuracy
ISPY1_1001,0.11319296890090787,0.05999180999180999,0.06021372790793259,0.9998573760360047,0.9421221864951769,0.9649734497070312
ISPY1_1002,0.7476052572956114,0.5969405905371754,0.7975285171102662,0.9972811875096139,0.7035639412997904,0.9956779479980469
ISPY1_1003,0.03522060215868207,0.01792598303777949,0.01792598303777949,1.0,1.0,0.9805641174316406
ISPY1_1004,0.3445129469790382,0.20810367942797556,0.20863201911589008,0.9998633176818679,0.987977369165488,0.959442138671875
ISPY1_1005,0.17135123880907766,0.09370374587270865,0.09377848678213309,0.9999723722016988,0.9915662650602409,0.969635009765625
ISPY1_1007,0.6158572264482153,0.4449376453181146,0.4532730404823428,0.9996621359223301,0.9603102189781022,0.9899826049804688
ISPY1_1008,0.9244280101687081,0.8594757198109153,0.9633911368015414,0.9990348678038051,0.8884940026654821,0.9987525939941406
ISPY1_1009,0.9172602010250949,0.8471658674535841,0.915249734325186,0.997623872812392,0.9192795196797865,0.9952583312988281
ISPY1_1010,0.9136007827788649,0.8409438890389984,0.8936638591117917,0.9973976543131396,0.9344475580464372,0.9932632446289062
ISPY1_1011,0.53779963122311,0.367801597309794,0.6988817891373802,0.9956802048357175,0.4370629370629371,0.9942626953125
ISPY1_1012,0.0,0.0,0.0,1.0,1.0,0.973602294921875
ISPY1_1013,0.0,0.0,0.0,0.9999808302789578,0.0,0.9949607849121094
ISPY1_1015,0.0,0.0,0.0,0.9999808959056105,0.0,0.9983787536621094
ISPY1_1016,0.2609177873284348,0.15003188775510204,0.15012763241863433,0.9999843674279729,0.9957671957671957,0.9796638488769531
ISPY1_1017,0.6598039215686274,0.49231894659839065,0.5589700996677741,0.9981085513592128,0.8050239234449761,0.9920578002929688
ISPY1_1021,0.7988142292490119,0.6650213886146759,0.6680255619215514,0.9998379882087028,0.9932830930537353,0.9883499145507812
ISPY1_1025,0.0,0.0,0.0,1.0,1.0,0.9886627197265625
ISPY1_1027,0.1311434922203013,0.07017312012686666,0.0702009518773136,0.999988215884987,0.9943820224719101,0.9731597900390625
ISPY1_1029,0.41849039749888345,0.26461451567353855,0.35763358778625953,0.9964511952651778,0.5043057050592035,0.9900665283203125
ISPY1_1030,0.0,0.0,0.0,0.9847948207478742,0.0,0.9736900329589844
ISPY1_1031,0.8345470205935323,0.7160709486697124,0.7944245676803816,0.9971264817801719,0.8789378195612733,0.9919395446777344
ISPY1_1032,0.0,0.0,0.0,1.0,1.0,0.956939697265625
ISPY1_1034,0.0,0.0,0.0,1.0,1.0,0.9304351806640625
ISPY1_1035,0.0,0.0,0.0,1.0,1.0,0.93353271484375
ISPY1_1036,0.5838207504724197,0.4122506036345152,0.4165382639958911,0.999681548695529,0.9756390977443609,0.9823570251464844
ISPY1_1037,0.03884542756946318,0.019807427785419534,0.020885708760394507,0.9953367017311356,0.2772785622593068,0.9184494018554688
ISPY1_1038,0.6514246715577546,0.48304655870445345,0.48998973305954824,0.9997831541773798,0.971501272264631,0.9922065734863281
ISPY1_1040,0.4952338727554866,0.3291101944608132,0.32938192970040103,0.9999429009576325,0.997499553491695,0.9565696716308594
ISPY1_1041,0.8214384318056323,0.6969838945827233,0.7388254283585796,0.9960696808597116,0.9248523469070563,0.9802627563476562
ISPY1_1042,0.003234501347708895,0.0016198704103671706,0.0016339869281045752,0.9999385343516143,0.15789473684210525,0.9929466247558594
ISPY1_1049,0.0,0.0,0.0,1.0,1.0,0.7510833740234375
ISPY1_1051,0.6548030407740152,0.4867711276650398,0.5707831325301205,0.9955147473229382,0.7678282009724473,0.9847564697265625
ISPY1_1053,0.7446094873023479,0.5931297709923664,0.6987410071942446,0.9992414723099083,0.796923076923077,0.9979667663574219
ISPY1_1054,0.5488406881077038,0.37820843212039995,0.38155158069883527,0.9996634036621681,0.9773574853489612,0.97698974609375
ISPY1_1056,0.3119333049351914,0.18478731074260996,0.19247521778311805,0.9977735624608163,0.8222649983958935,0.9568672180175781
ISPY1_1058,0.589587852494577,0.41802522300830514,0.4257518796992481,0.9997721585467577,0.9583921015514809,0.9927825927734375
ISPY1_1060,0.09042553191489362,0.04735376044568245,0.04735376044568245,1.0,1.0,0.958251953125
ISPY1_1061,0.5612341026848798,0.39008020952692746,0.3919407894736842,0.9998867470632342,0.9879767827529021,0.9857864379882812
ISPY1_1062,0.5478194338179035,0.3772391991570074,0.5685547908946532,0.9849482300815435,0.5285433070866141,0.9729461669921875
ISPY1_1064,0.4321927929976128,0.27566705336426917,0.27566705336426917,1.0,1.0,0.9809455871582031
ISPY1_1065,0.3280973681473005,0.19624191139870584,0.19624191139870584,1.0,1.0,0.9753608703613281
ISPY1_1066,0.7186440677966102,0.5608465608465608,0.6309523809523809,0.9979646745029929,0.8346456692913385,0.9920845031738281
ISPY1_1067,0.0,0.0,0.0,0.9879633492482888,0.0,0.97564697265625
ISPY1_1069,0.672713529856387,0.5068337129840547,0.6750606796116505,0.9957735814068488,0.6703826453751129,0.9917411804199219
ISPY1_1070,0.6209113782499301,0.45023312385972025,0.884156050955414,0.9906752634498058,0.47845756139595,0.989654541015625
ISPY1_1072,0.0,0.0,0.0,1.0,1.0,0.9857177734375
ISPY1_1073,0.0,0.0,0.0,1.0,1.0,0.9100189208984375
ISPY1_1074,0.0,0.0,0.0,1.0,1.0,0.99169921875
ISPY1_1075,0.6571751412429379,0.4893975092561427,0.9549036777583187,0.9831311923471131,0.5009762260250373,0.9826393127441406
ISPY1_1077,0.8086664632285627,0.6787909836065574,0.6901041666666666,0.999877029021151,0.976418570375829,0.9976081848144531
ISPY1_1078,0.3495121023951337,0.21176289926289926,0.22770805812417438,0.9963524668842388,0.7514986376021798,0.9608383178710938
ISPY1_1082,0.6344086021505376,0.4645669291338583,0.5064377682403434,0.9990283325878742,0.8489208633093526,0.9937744140625
ISPY1_1083,0.14023259733692905,0.07540329889432662,0.09425981873111783,0.9866976826406968,0.27374424215836807,0.9416236877441406
ISPY1_1084,0.7345330510468125,0.5804442792081048,0.5829910380881255,0.9998130707308537,0.9925301970756516,0.9827804565429688
ISPY1_1087,0.0,0.0,0.0,1.0,1.0,0.98321533203125
ISPY1_1088,0.8820130026486876,0.7889295713978032,0.8227762803234502,0.9992588050851404,0.9504411001556824,0.9962615966796875
ISPY1_1089,0.0986353337899784,0.051876073823643516,0.052537045352492144,0.9990709210569398,0.8048151332760103,0.9347419738769531
ISPY1_1090,0.8206917173328018,0.6959093982420554,0.7658110119047619,0.9978969341974078,0.8840455228687997,0.9931373596191406
ISPY1_1094,0.8762193800130067,0.7797067901234568,0.8910934744268078,0.9974845501692494,0.8618336886993604,0.9956436157226562
ISPY1_1096,0.6099597006332758,0.438807206460965,0.4396265560165975,0.9999650246381994,0.9957706766917294,0.9896621704101562
ISPY1_1097,0.24151875982925186,0.13734508751756738,0.13789122626988198,0.9998781197414566,0.9719710669077758,0.9742431640625
ISPY1_1098,0.40190959271967774,0.25149365197908885,0.25149365197908885,1.0,1.0,0.9847068786621094
ISPY1_1099,0.0,0.0,0.0,1.0,1.0,0.9634857177734375
ISPY1_1100,0.5535580524344569,0.38270326255826,0.383298755186722,0.9999884711163034,0.9959568733153639,0.995452880859375
ISPY1_1101,0.5166121842496285,0.34826508534337686,0.36024535809018565,0.9983405310300704,0.9128334383532871,0.9689750671386719
ISPY1_1102,0.4025576869613567,0.2520013922728855,0.2520891364902507,0.9999961430466846,0.9986206896551724,0.9918022155761719
ISPY1_1103,0.629592451314997,0.45941986522121303,0.7567567567567568,0.9948437355809161,0.5390168442763836,0.9929618835449219
ISPY1_1104,0.6797651309846432,0.5148819705781731,0.5154109589041096,0.9999765902990199,0.9980106100795756,0.9891815185546875
ISPY1_1106,0.0,0.0,0.0,1.0,1.0,0.9656829833984375
ISPY1_1107,0.8944672131147541,0.809082483781279,0.8765060240963856,0.9993619114978936,0.9131799163179917,0.9984283447265625
ISPY1_1112,0.464,0.3020833333333333,0.3020833333333333,1.0,1.0,0.9920768737792969
ISPY1_1114,0.0,0.0,0.0,1.0,1.0,0.9598236083984375
ISPY1_1117,0.4823655147844674,0.31784037558685446,0.3570675105485232,0.9991008576434786,0.743139407244786,0.9944572448730469
ISPY1_1122,0.6875523538281119,0.52387030890988,0.5474919957310566,0.999345965107819,0.9239081494822152,0.9928855895996094
ISPY1_1123,0.2738755215179745,0.1586649890735713,0.15867549668874173,0.9999959521380807,0.9995828118481435,0.9515342712402344
ISPY1_1124,0.31979896839042454,0.19033375314861462,0.19033375314861462,1.0,1.0,0.9607620239257812
ISPY1_1125,0.0,0.0,0.0,1.0,1.0,0.973297119140625
ISPY1_1127,0.0,0.0,0.0,0.9890587276445894,0.0,0.9814071655273438
ISPY1_1128,0.27438579421065434,0.1590076120665351,0.889589905362776,0.9776675508670786,0.1622088006902502,0.9772415161132812
ISPY1_1129,0.45388540031397173,0.2935651732453357,0.2957800511508951,0.9992584337450353,0.9751264755480608,0.9363021850585938
ISPY1_1130,0.0,0.0,0.0,0.960816853362836,0.0,0.9541168212890625
ISPY1_1132,0.8501335924216663,0.739332488381918,0.8462282398452611,0.9988503360556145,0.854075158613958,0.9976463317871094
ISPY1_1134,0.7265432897631681,0.5705284552845529,0.6171943711521548,0.9985558781968664,0.8829820698332809,0.9919395446777344
ISPY1_1135,0.9027839151568714,0.8227950060410794,0.8598484848484849,0.9995880939915617,0.9502325581395349,0.998321533203125
ISPY1_1136,0.31499218139171226,0.18693811263847804,0.2154987964696443,0.9907560237551984,0.5851488743645606,0.9465255737304688
ISPY1_1137,0.19458544839255498,0.1077788191190253,0.3484848484848485,0.9886973591387296,0.13497652582159625,0.9854736328125
ISPY1_1139,0.086294626235883,0.04509295287505404,0.04534782608695652,0.9994563944736226,0.8891730605285593,0.9157447814941406
ISPY1_1140,0.1286549707602339,0.06875,0.06875,1.0,1.0,0.9806747436523438
ISPY1_1141,0.0,0.0,0.0,1.0,1.0,0.954071044921875
ISPY1_1142,0.06610484841851812,0.03418222976796831,0.03873781426372499,0.995915045528174,0.22520507084265473,0.9674491882324219
ISPY1_1144,0.0,0.0,0.0,1.0,1.0,0.964752197265625
ISPY1_1145,0.0,0.0,0.0,1.0,1.0,0.914306640625
ISPY1_1146,0.3185251568301114,0.1894320085274859,0.4928684627575277,0.984427239812033,0.23529411764705882,0.9796943664550781
ISPY1_1147,0.4067387235070346,0.2552868945652998,0.3001782531194296,0.992137061420988,0.6305935218123947,0.9625205993652344
ISPY1_1148,0.6799617102744097,0.5151075658689872,0.5322177822177823,0.9994847757031068,0.9412544169611308,0.9923477172851562
ISPY1_1149,0.8164464023494861,0.6898263027295285,0.8273809523809523,0.9981947096138449,0.8057971014492754,0.9966621398925781
ISPY1_1150,0.8128556375131718,0.6847150718977454,0.7299394398183194,0.998641283189286,0.9170233000475512,0.99322509765625
ISPY1_1151,0.9025367156208278,0.8223844282238443,0.9441340782122905,0.9987769042600655,0.8644501278772379,0.9983291625976562
ISPY1_1152,0.0,0.0,0.0,0.9932917495790602,0.0,0.9901695251464844
ISPY1_1155,0.580732577571022,0.4091776985743381,0.41811914672216444,0.9986383971989885,0.9503325942350332,0.9645881652832031
ISPY1_1156,0.0,0.0,0.0,0.99567476777012,0.0,0.9633293151855469
ISPY1_1157,0.0,0.0,0.0,0.9769322832213728,0.0,0.9652900695800781
ISPY1_1158,0.0,0.0,0.0,0.9920593635250918,0.0,0.9893951416015625
ISPY1_1159,0.0,0.0,0.0,1.0,1.0,0.9492645263671875
ISPY1_1160,0.7968714055670577,0.6623326959847037,0.6972624798711755,0.998981242417644,0.9296833064949007,0.9932632446289062
ISPY1_1161,0.73806690466746,0.5848700754400671,0.5945044021584777,0.999064742401032,0.9730389308541546,0.9773292541503906
ISPY1_1163,0.23604324004146304,0.13381464069845533,0.13381464069845533,1.0,1.0,0.9803199768066406
ISPY1_1164,0.7728337236533958,0.6297709923664122,0.6307339449541285,0.9999767639996902,0.9975816203143894,0.9944496154785156
ISPY1_1165,0.048558928631065694,0.024883625410733846,0.025302798273701795,0.9979264133806317,0.6003303055326177,0.8913230895996094
ISPY1_1166,0.0,0.0,0.0,0.9921280585126989,0.0,0.9769439697265625
ISPY1_1167,0.0,0.0,0.0,1.0,1.0,0.9455108642578125
ISPY1_1168,0.8418503269556793,0.7268925135926391,0.7427350427350428,0.9998036981724685,0.9714924538848518,0.9975090026855469
ISPY1_1169,0.33664076509264795,0.2023860859565905,0.3867069486404834,0.9871722958727752,0.29805249788314986,0.9788322448730469
ISPY1_1171,0.008631023735315272,0.004334216229231881,0.023076923076923078,0.9870946266509543,0.005308168681804777,0.9842262268066406
ISPY1_1172,0.0,0.0,0.0,0.9906560479419649,0.0,0.9585189819335938
ISPY1_1173,0.0,0.0,0.0,0.9999414637409687,0.0,0.9123001098632812
ISPY1_1174,0.0,0.0,0.0,1.0,1.0,0.944061279296875
ISPY1_1175,0.1604929723741605,0.08724781692261367,0.08730039168424224,0.9999678544449266,0.9931448157669237,0.9537467956542969
ISPY1_1176,0.21124064729424047,0.11809338521400778,0.1185546875,0.9999221862549801,0.9681020733652312,0.9827079772949219
ISPY1_1177,0.0,0.0,0.0,0.9871214330667567,0.0,0.98126220703125
ISPY1_1179,0.06681270536692223,0.03456090651558073,0.03456090651558073,1.0,1.0,0.98699951171875
ISPY1_1180,0.800527096030308,0.667399066190607,0.7930809399477807,0.9977728886830323,0.8081143997339542,0.9953804016113281
ISPY1_1181,0.23018011629556093,0.13005849827710553,0.13364624505928854,0.99866,0.8289070480081716,0.958587646484375
ISPY1_1182,0.7313157409116073,0.5764363636363636,0.9039689781021898,0.9903359714463067,0.6140378060117756,0.9888916015625
ISPY1_1183,0.422462648119526,0.2677988242978446,0.2677988242978446,1.0,1.0,0.9743423461914062
ISPY1_1184,0.1633281972265023,0.08892617449664429,0.08892617449664429,1.0,1.0,0.9772148132324219
ISPY1_1185,0.29248152976966535,0.17129040468312548,0.1797542735042735,0.9992840557275542,0.7843822843822844,0.987579345703125
ISPY1_1187,0.02270215117762095,0.011481401849064717,0.011502671032224712,0.9998200324778598,0.8612903225806452,0.9123077392578125
ISPY1_1188,0.0,0.0,0.0,1.0,1.0,0.997711181640625
ISPY1_1189,0.3531494320696268,0.2144392690791831,0.8636363636363636,0.9676449269774686,0.22195438531429632,0.9665451049804688
ISPY1_1191,0.8270189431704885,0.7050573735656609,0.848159509202454,0.9969252455156603,0.8069066147859922,0.9947052001953125
ISPY1_1192,0.0,0.0,0.0,1.0,1.0,0.9965362548828125
ISPY1_1193,0.9122181169575743,0.8386038884984774,0.9123343527013251,0.9986639299821858,0.9121019108280255,0.9973716735839844
ISPY1_1194,0.021142057247670994,0.01068396916772368,0.01068396916772368,1.0,1.0,0.8452835083007812
ISPY1_1196,0.2841828691539674,0.1656253828249418,0.7191489361702128,0.9758591276549965,0.17707924034053701,0.9740180969238281
ISPY1_1197,0.0,0.0,0.0,1.0,1.0,0.96319580078125
ISPY1_1198,0.08568257491675915,0.044758812615955476,0.044758812615955476,1.0,1.0,0.9842872619628906
ISPY1_1199,0.0,0.0,0.0,1.0,1.0,0.92340087890625
ISPY1_1201,0.6156096541636192,0.4446792452830189,0.8965307364576993,0.9871010360892845,0.46873508353221954,0.9859657287597656
ISPY1_1202,0.0,0.0,0.0,0.9977294743331049,0.0,0.9940338134765625
ISPY1_1203,0.49094491883269215,0.3253326700659122,0.32602193419740777,0.9999331024712734,0.9935434865172806,0.9793052673339844
ISPY1_1204,0.5698576972833118,0.3984622342831298,0.7621107266435986,0.9918793682071493,0.4550619834710744,0.9898529052734375
ISPY1_1207,0.17826190665500516,0.09785265363128491,0.5067811934900542,0.9644368527153255,0.10815243608297154,0.9605751037597656
ISPY1_1208,0.007560472181636866,0.0037945805009777446,0.0037945805009777446,1.0,1.0,0.8367576599121094
ISPY1_1209,0.7995859213250518,0.6660917557778544,0.6906294706723891,0.9996028502244089,0.9493608652900688,0.996307373046875
ISPY1_1210,0.0,0.0,0.0,1.0,1.0,0.963836669921875
ISPY1_1212,0.0,0.0,0.0,0.9992625483224915,0.0,0.9821090698242188
ISPY1_1215,0.0,0.0,0.0,1.0,1.0,0.972442626953125
ISPY1_1216,0.1780548949026162,0.09772791419700819,0.7153925619834711,0.9529760806739224,0.10168122751633507,0.9512214660644531
ISPY1_1217,0.7200971463266546,0.562618595825427,0.608829568788501,0.999385078940491,0.8811292719167905,0.9964828491210938
ISPY1_1218,0.6973434535104365,0.5353241077931536,0.5671296296296297,0.9988013698630137,0.9051724137931034,0.990264892578125
ISPY1_1219,0.9024331870761867,0.8222125308911179,0.925392670157068,0.9970042807149107,0.8805853962322902,0.9953346252441406
ISPY1_1220,0.0,0.0,0.0,1.0,1.0,0.9931640625
ISPY1_1221,0.0,0.0,0.0,0.9977483235334605,0.0,0.7741775512695312
ISPY1_1222,0.0,0.0,0.0,1.0,1.0,0.981170654296875
ISPY1_1223,0.8194677535363222,0.6941510966693745,0.9710227272727273,0.9973039818114784,0.708834508502696,0.9971275329589844
ISPY1_1224,0.3311858264546004,0.198455784775003,0.691757779646762,0.9772449050299116,0.21770778189518264,0.9746551513671875
ISPY1_1225,0.8446196660482375,0.7310317141710156,0.8399446494464945,0.9987575776225498,0.8493470149253731,0.9974441528320312
ISPY1_1226,0.0,0.0,0.0,1.0,1.0,0.9972991943359375
ISPY1_1227,0.0,0.0,0.0,1.0,1.0,0.989776611328125
ISPY1_1228,0.0,0.0,0.0,0.9998144111700783,0.0,0.9658851623535156
ISPY1_1229,0.0,0.0,0.0,1.0,1.0,0.9416046142578125
ISPY1_1230,0.5346337138424028,0.3648464680078657,0.3960591133004926,0.9979652729502371,0.8223661779747699,0.9839820861816406
ISPY1_1231,0.0,0.0,0.0,1.0,1.0,0.9876251220703125
ISPY1_1233,0.0,0.0,0.0,0.9814860518745324,0.0,0.9709053039550781
ISPY1_1234,0.46489859594383776,0.30284552845528456,0.30284552845528456,1.0,1.0,0.9934577941894531
ISPY1_1235,0.0,0.0,0.0,1.0,1.0,0.9797096252441406
ISPY1_1236,0.0,0.0,0.0,0.9934891511582132,0.0,0.9819755554199219
ISPY1_1237,0.0,0.0,0.0,1.0,1.0,0.9930000305175781
ISPY1_1238,0.8220840950639854,0.6979140799602682,0.898497442455243,0.9929734884011755,0.757649278878555,0.9907188415527344
ISPY1_1239,0.0,0.0,0.0,1.0,1.0,0.99169921875
